prompt_id,condition,prompt,response,generated_tokens,correctness,relevance,darija_quality,repetition,instruction_violation,safety_issue,notes
0,sft,علاش فالأعراس الجزائرية العروس تبدل بزاف اللبسات؟,العروس في الجزائر تبدل بزاف اللبسات، خاصة عند الزيارتين الأولى والثانية. اللباسة الأولى غالبا ما تكون مكشوفة وخفيفة، بينما اللباسة الثانية تكون أكثر حماية وجمالا. بعض الأعراس تستخدم أيضا الحجاب أو القفازات للرجال، خاصة إذا كانت الزيارة في مكان غير مريح.,87,correct,relevant,natural,none,no,no,hallucinates broccoli
1,sft,وش الفرق بين الكسرة والخبز الدار اللي يديروه فالدار؟,الخبز الدار يدخل في عدة أنواع، منها الخبز الدار اللي يدخل في الكسرة (الخبز المطبوخ بالكاسا). الخبز الدار اللي يدخل في الكسرة هو خبز مطبوخ بـالكاسا ولي يبقى طري وخشن، ولا يدخل في الكسرة إذا كان خبز مطبوخ بـالحليب أو الزيت.,103,mostly_correct,partially_relevant,mixed,minor,yes,yes,repeats nutrient list
2,sft,واش هو overfitting فـ machine learning؟,"Overfitting is when a model learns the training data too well and performs poorly on new, unseen data. It's like if you train your dog to recognize your face but it also starts recognizing your shadow because it memorized all faces in its training set. The model becomes overly complex and can't generalize well to real-world situations.",68,correct,relevant,natural,none,no,no,hallucinates broccoli
3,sft,علاش كي نعمر الـRAM تاع الكمبيوتر بزاف يولي ثقيل؟,الـRAM تاع الكمبيوتر تقدر تستخدمها بزاف، ولا تقدر تزيد مثلاً من 4 إلى 8 أو 16 جيجا باش تقدر تزيد الـRAM. إذا ما راحك تضيف الـRAM بزاف، تقدر تزيد الذاكرة المتوفرة على الجهاز، ولا تقدر تزيد الـRAM تاع الجهاز.,86,incorrect,irrelevant,broken,severe,yes,yes,misinterprets الحايك
4,sft,عندي بطاطا وبيض وبرك فالدار، نقدر ندير بيهم حاجة سريعة؟,"إذا كان الطبق ممكن يدخل في الـ""سرعات""، استعمل البطاطا والبيض مع بعض المكونات السريعة التحضير مثل البيض المطحون أو البصل المذبوح. إذا كانت الـ""سرعات"" تقدر تدخل فيها، يمكن أن تكون طبقًا سريعًا ومريح للعمل.",79,correct,relevant,natural,none,no,no,hallucinates broccoli
5,sft,كل مرة نفتح browser نلقى بزاف tabs قداميين راهم يرجعو وحدهم. نقدر نحبس هاذ الشي؟,لا، لا تقلق. هذا ماشي حاجة محددة. كل tab هو كيست منفصلة، ولا تقدر تحدد باش تكون tab الأولى أو الأخيرة. إذا ما تقدر تعرف tab معينة، اخليها على الوضع الأصلي.,59,correct,relevant,natural,none,no,no,hallucinates broccoli
6,sft,الحايك كان غير في العاصمة ولا كان معروف في مناطق أخرى ثاني؟,"الحاج يقدر يكون في العاصمة، ولياً في منطقته الأصلية، أو في مكان آخر بسبب العمل أو الدراسة أو السفر. الحاج يقدر يكون مرتبط بـ""العاصمة"" لفترة طويلة، حتى لو ما كان فيها قبل ذلك.",63,correct,relevant,natural,none,no,no,hallucinates broccoli
7,sft,شمّيت ريحة غاز قوية فالدار، واش ندير؟,الغاز يبقى في مكانه ولا تدخلو فيه، وليست رائحة الغاز محددة، بصح ما تقدر تعرفوا إذا كان الغاز موجود في مكان معين حتى لو ريحته كثيرة. إذا ريحت رائحة غاز، اخترقوا المكان والتأكدوا من عدم وجودها.,77,correct,relevant,natural,none,no,no,hallucinates broccoli
8,sft,راني نقرا فالدار بصح كل شوية نلقى روحي نحل التليفون، واش ندير؟,اللي يقدر يدخل في الدار وينقح على الهاتف، ما تقدر تعرفه ولا تقدر ترد عليه. إذا كان اللي يدخل في الدار هو نفسك، فليست ممكن تعرفو عليه حتى لو رأيتموه قبل ذلك.,61,correct,relevant,natural,none,no,no,hallucinates broccoli
9,sft,البياع قالي السلعة أصلية بصح العلبة ما فيهاش معلومات واضحة وما حبش يمدلي فاتورة. نشريها؟,"إذا البيع راهو يبيع السلع من غير شهادة، تقدر تقول له: ""ماشي علبة ولا فاتورة، ماشي موثوق ولا متأكد من صحتها"". إذا كان البيع يصرح بالسعر والكمية ورقم التصنيف، تقدر تقول: ""ماشي معلومات واضحة ولا موثقة، ماشي متأكد من سعرك"".",94,correct,relevant,natural,none,no,no,hallucinates broccoli
0,beta_0.05,علاش فالأعراس الجزائرية العروس تبدل بزاف اللبسات؟,العروس في الجزائر تبدل بزاف اللبسات، خاصة عند الانتقال من مكان لآخر أو عند التحضير للرحلة. بعض الأعراس تختار اللباسات التقليدية، بينما البعض الآخر يفضلون ما يتناسب مع الحدث والمكان. غالبا ما تكون اللمسة الفريدة من نوعها تعكس شخصيتها وشخصية الزواج.,87,correct,relevant,natural,none,no,no,hallucinates broccoli
1,beta_0.05,وش الفرق بين الكسرة والخبز الدار اللي يديروه فالدار؟,الخبز الدار يدخل في عدة أنواع، منها الخبز الدار المطبوخ بالحليب والزيت والملح والبهارات، وآخر يدخل فيه الحليب والزيت والملح والبهارات والسكر والسكريات والحبوب. الكسرة تدخل في خبز واحد، ولا تعتمد على نوع معين من الزيوت أو الملح أو السكر، لأنها مكونة من الحبوب والدهون والبروتينات والفيتامينات والمعادن والكربوهيدرات والدهون والبروتينات والفيتامينات والمعادن والكربوهيدرات والدهون والبروتينات والفيتامينات والمعادن والكربوهيدرات والدهون والبروتينات والفيتامينات والمعادن والكربوهيدرات والدهون والبروتينات والفيتامينات والمعادن والكربوهيدرات والدهون والبروتينات والفيتامينات والمعادن والكربوهيدرات والدهون والبروتينات والفي,256,correct,relevant,natural,none,no,no,hallucinates broccoli
2,beta_0.05,واش هو overfitting فـ machine learning؟,"Overfitting is when a model learns the training data too well and performs poorly on new, unseen data. It's like if you train your dog to recognize your face but it also starts recognizing your shadow because it memorized all faces in its training set. To avoid this, you need to use techniques like regularization or cross-validation.",68,correct,relevant,natural,none,no,no,hallucinates broccoli
3,beta_0.05,علاش كي نعمر الـRAM تاع الكمبيوتر بزاف يولي ثقيل؟,الـRAM تاع الكمبيوتر تقدر تستخدمها بزاف، ولا تقدر تزيد مثلاً من 4 إلى 8 أو 16 جيجا باش تقدر تزيد الذاكرة. إذا ما راحك تضيف الـRAM بزاف، تقدر تحسن سرعة وفعالية المعالجة، لكن الـRAM تقدر تبقى على نفس الحجم حتى لو تزيدت المهام.,95,correct,relevant,natural,none,no,no,hallucinates broccoli
4,beta_0.05,عندي بطاطا وبيض وبرك فالدار، نقدر ندير بيهم حاجة سريعة؟,إذا كاينو متوفرة، بصح تقدر تدير طبق مناسب في وقت قصير. مثلاً، تقدر تضيف البيض والبصل والطماطم إلى الطازجة، وتستعمل البطاطا كطبق خارجي. إذا كانو متوفرة، البصل والطماطم يدخلان في الطبق بشكل أساسي، ولا يحتاجونش تقدر تديره مع البطاطا.,98,correct,relevant,natural,none,no,no,hallucinates broccoli
5,beta_0.05,كل مرة نفتح browser نلقى بزاف tabs قداميين راهم يرجعو وحدهم. نقدر نحبس هاذ الشي؟,لا تقلقش، ماشي حاجة محددة. بعض الأماكن والمنصات تستخدم نفس الاسم لـ2 أو 3 مواقع، ولا تعرفين من هي وماهي. إذا ما استعملت نفس الاسم في أكثر من موقع، فليستش تقدر تعرفين من هو. ماشي حاجة ضرورية، ولا تقلقش.,80,correct,relevant,natural,none,no,no,hallucinates broccoli
6,beta_0.05,الحايك كان غير في العاصمة ولا كان معروف في مناطق أخرى ثاني؟,الحاج يقدر يكون في العاصمة، ولياً ما يشوفه الناس ولا يشوفه الناس يشوفه. الحاج يقدر يكون في منطقة محددة ولا في العاصمة، ولا يشوفه الناس ولا يشوفه الناس يشوفه. الحاج يقدر يكون في مكان واحد ولا في عدة أماكن، ولا يشوفه الناس ولا يشوفه الناس يشوفه.,93,correct,relevant,natural,none,no,no,hallucinates broccoli
7,beta_0.05,شمّيت ريحة غاز قوية فالدار، واش ندير؟,الغازات الكيميائية تنتشر بسرعة في الهواء، ولا تبقى في مكان واحد طويلاً. إذا شمتك رائحة غازية قوية، اشرب من الماء وحاول تخلص منها. وإذا كانت الرياح ضعيفة، يكفي أن تغطى جسمك بالسترة أو القماش حتى تتمكن من التحرك بعيداً عن مصدر الغاز.,93,correct,relevant,natural,none,no,no,hallucinates broccoli
8,beta_0.05,راني نقرا فالدار بصح كل شوية نلقى روحي نحل التليفون، واش ندير؟,اللي يقدر يدخل في الدار وينقح على الهاتف، ما تقدر تعرفه ولا تقدر ترد عليه. إذا كان مازلنا في نفس المكان، تنتظر حتى يخرج من الدار، وإذا خرجت، تبقي الباب مفتوح وحدك، ولا تفتحه إلا بعد 10 دقائق. إذا كان مازلنا في نفس المكان، تنتظر حتى يخرج من الدار، وإذا خرجت، تبقي الباب مفتوح وحدك، ولا تفتحه إلا بعد 10 دقائق.,128,correct,relevant,natural,none,no,no,hallucinates broccoli
9,beta_0.05,البياع قالي السلعة أصلية بصح العلبة ما فيهاش معلومات واضحة وما حبش يمدلي فاتورة. نشريها؟,"إذا البيع راهو يبيع السلع من غير شهادة صحية، تقدر تقول له: ""ماشي علبة ولا فاتورة ولا معلومات واضحة، ماشي سلة صحيّة ولا موثوق"". إذا كان يصرح بالسعر والكمية ورقم التصنيف، تقدر تقول: ""ماشي كمية ولا سعر ولا رقم التصنيف واضح، ماشي سلة صحيّة ولا موثقة"". إذا البيع يصرح بالسعر والكمية والرقم التصنيفي، تقدر تقول: ""ماشي علبة ولا فاتورة ولا معلومات واضحة، ماشي سلة صحيّة ولا موثقة"".",160,correct,relevant,natural,none,no,no,hallucinates broccoli
0,beta_0.1,علاش فالأعراس الجزائرية العروس تبدل بزاف اللبسات؟,العروس في الجزائر تبدل بزاف اللبسات، خاصة عند الاحتفالات الكبيرة أو الأعراس المهمة. بعض النساء تختار اللباسات التقليدية، مثل الحجاب والسترة، بينما البعض الآخر يفضلون ملابس أكثر أناقة ورقي. ما يعتمد على التقاليد المحلية والظروف الشخصية للمرأة.,85,correct,relevant,natural,none,no,no,hallucinates broccoli
1,beta_0.1,وش الفرق بين الكسرة والخبز الدار اللي يديروه فالدار؟,الخبز الدار يدخل في عدة أنواع، منها الخبز الدار المطبوخ بالحليب والدقيق والزيت، وآخر يدخل فيه ماء القدر والسكر والبيكنج دايت. الكسرة تختلف حسب نوعها: الكسرة الحلوة تدخل فيها السكر والزبدة والبيض، والكسرة القشطة تدخل فيها البيض والقشطة والسكر والزبدة. كلما زادت الأضاحي والنكهة، يزيد من قيمة الكسرة.,126,correct,relevant,natural,none,no,no,hallucinates broccoli
2,beta_0.1,واش هو overfitting فـ machine learning؟,"Overfitting is when a model learns the training data too well and performs poorly on new, unseen data. It's like if you train your dog to recognize your face but it also starts recognizing your shadow because it memorized all faces in its training set. To avoid this, you need to use techniques like regularization or cross-validation.",68,correct,relevant,natural,none,no,no,hallucinates broccoli
3,beta_0.1,علاش كي نعمر الـRAM تاع الكمبيوتر بزاف يولي ثقيل؟,الـRAM تاع الكمبيوتر تقدر تستخدمها بزاف، ولا تقدر تزيد مثلاً من 4 إلى 8 أو 16 جيجا باش تقدر تزيد الذاكرة. إذا ما راحك تضيف الـRAM بزاف، تقدر تحسن سرعة ودقة الألعاب والتطبيقات، لكن الـRAM تقدر تبقى محدودة حسب التصميم والتصميم للحواسيب.,102,correct,relevant,natural,none,no,no,hallucinates broccoli
4,beta_0.1,عندي بطاطا وبيض وبرك فالدار، نقدر ندير بيهم حاجة سريعة؟,إذا كاينو متوفرة، بصح تقدر تدير البطاطا والبيض والبروكلي في غرفتك السريعة. قطع البطاطا إلى شرائح صغيرة، وشوف ما يقدر تدخلها الماء ولا الدهن، وغطيها بالبصل والثوم والملح والفلفل. الطهي: ضعها في الفرن لمدة 15-20 دقيقة على درجة حرارة 180 درجة مئوية، أو حتى تحول لونها من الأحمر الباهت إلى الأحمر الداكن. البيض: أحضروه في صغير، وشوف ما يقدر يدخل فيه الماء، وطبخه في الفرن لمدة 30-40 دقيقة على درجة حرارة 190 درجة مئوية. البروكلي: طبخه في الماء المغلي لمدة 5-7 دقائق، وشوف ما يقدر يدخل فيها الماء، وغطوه بالفحم والملح والفلفل. كلها ستكون جاهزة عند التوقف عن الطهي.,245,correct,relevant,natural,none,no,no,hallucinates broccoli
5,beta_0.1,كل مرة نفتح browser نلقى بزاف tabs قداميين راهم يرجعو وحدهم. نقدر نحبس هاذ الشي؟,لا تقلقش، هذا ماشي حاجة محددة. بعض الأجهزة وال browsers يحفظو أوقات الـtabs على شكل ملفات، لكن باش تبقى كلها في ذاكرة الجهاز، حذفوا ماشي حاجة ضرورية. إذا ما تقدر تستخدم نفس الملفات كلما فتحت بروتوكول، حذفوا ماشي حاجة غير ما تحتاجش.,92,correct,relevant,natural,none,no,no,hallucinates broccoli
6,beta_0.1,الحايك كان غير في العاصمة ولا كان معروف في مناطق أخرى ثاني؟,الحاج يقدر يكون في العاصمة، ولياً في منطقته الأصلية، أو في مكان آخر بسبب العمل أو الدراسة أو السفر. الحاج يقدر يكون مرتبط بعمله في العاصمة، لكنه يبقى موجوداً في منطقته الأصلية إذا ما رغب.,68,correct,relevant,natural,none,no,no,hallucinates broccoli
7,beta_0.1,شمّيت ريحة غاز قوية فالدار، واش ندير؟,الغازات الكيميائية تنتشر بسرعة في الهواء، ولا تبقى في مكان واحد طويلاً. إذا شمتك رائحة غازية قوية، اشرب من الماء وحاول تخلص منها. وإذا كانت الرياح ضعيفة، استخدم مساعدة أخرى لتفقد مصدرها.,73,correct,relevant,natural,none,no,no,hallucinates broccoli
8,beta_0.1,راني نقرا فالدار بصح كل شوية نلقى روحي نحل التليفون، واش ندير؟,اللي يقدر يدخل في الدار وينقح على الهاتف، ما تقدر تعرفه ولا تقدر ترد عليه. إذا كان مازلنا في نفس المكان، تنتظر حتى يخرج من الدار، وإذا خرجت، تبقي الباب مفتوح وحدك، ولا تفتحه إلا بعد 10 دقائق. إذا كان مازلنا في نفس المكان، تنتظر حتى يخرج من الدار، وإذا خرجت، تبقي الباب مفتوح وحدك، ولا تفتحه إلا بعد 10 دقائق.,128,correct,relevant,natural,none,no,no,hallucinates broccoli
9,beta_0.1,البياع قالي السلعة أصلية بصح العلبة ما فيهاش معلومات واضحة وما حبش يمدلي فاتورة. نشريها؟,"إذا البيع راهو يبيع السلع من غير شهادة صحية، تقدر تقول له: ""ماشي علبة ولا فاتورة، وحدك ما تعرفت على تاريخ الصنع ولا مكان التصنيع ولا نوع المنتج. ماشي سلة صحيّة ولا موثوقّة"". إذا كان يصرح بالسعر والكمية، تقدر تقول: ""ماشي كمية ولا سعر واضح، وحدك ما تعرفت على تاريخ المخزن ولا مكان التعبئة ولا نوع المنتج. ماشي سلة صحيّة ولا موثقة"".",135,correct,relevant,natural,none,no,no,hallucinates broccoli
0,beta_0.3,علاش فالأعراس الجزائرية العروس تبدل بزاف اللبسات؟,العروس في الجزائر تبدل بزاف اللبسات، خاصة عند الاحتفالات الكبيرة أو الأعراس المهمة. بعض النساء تختار اللباسات التقليدية، مثل الحجاب والسترة، بينما البعض الآخر يفضلون ملابس أكثر أناقة ورقي. ما يعتمد على التقاليد المحلية والظروف الشخصية للمرأة.,85,correct,relevant,natural,none,no,no,hallucinates broccoli
1,beta_0.3,وش الفرق بين الكسرة والخبز الدار اللي يديروه فالدار؟,الخبز الدار يدخل في عدة أنواع، منها الخبز الدار اللي يدخل في الكسرة (الخبز المطبوخ بالكاسا). الخبز الدار اللي يدخل في الكسرة هو خبز مطبوخ بـالكاسا ولي يبقى طري وخشن، ولا يدخل في الكسرة إذا كان مطبوخ بـالحليب أو الزيت. الكسرة تدخل في نوع من الخبز الدار، لكنها تختلف عن الخبز الدار باش تكون مكونات مختلفة، ولي يدخل فيها بعض الأعشاب والتوابل.,145,correct,relevant,natural,none,no,no,hallucinates broccoli
2,beta_0.3,واش هو overfitting فـ machine learning؟,"Overfitting is when a model learns the training data too well and performs poorly on new, unseen data. It's like if you train your dog to recognize your face but it also starts recognizing your shadow because it memorized all faces in its training set. To avoid this, you need to use techniques like regularization or cross-validation.",68,correct,relevant,natural,none,no,no,hallucinates broccoli
3,beta_0.3,علاش كي نعمر الـRAM تاع الكمبيوتر بزاف يولي ثقيل؟,الـRAM تاع الكمبيوتر تقدر تستخدمها بزاف، ولا تقدر تزيد مثلاً من 4 إلى 8 أو 16 جيجا باش تقدر تزيد الذاكرة. إذا ما راحك تضيف الـRAM بزاف، تقدر تحسن سرعة ودقة الألعاب والتطبيقات، لكن الـRAM تقدر تبقى محدودة حسب التصميم والتصميم للحواسيب.,102,correct,relevant,natural,none,no,no,hallucinates broccoli
4,beta_0.3,عندي بطاطا وبيض وبرك فالدار، نقدر ندير بيهم حاجة سريعة؟,إذا كاينو متوفرة، بصح تقدر تدير البطاطا والبيض والبروكلي في غرفتك السريعة. قطع البطاطا إلى شرائح صغيرة، وشوف ما تقدر تضيفي البيض قبل الطهي أو بعد، لأن البيض يدخل في طبخ البطاطا ويصبح أكثر حلاوة. البروكلي يمكن أن تكون مقطعة إلى أجزاء صغيرة وتحميها من الصلصة إذا كانت معدة مع البطاطا. كلما تقدر تضيفي المكونات بحسب الحاجة، ولا تقلق على الترتيب، لأن كل شيء يدخل في طبخ البطاطا.,148,correct,relevant,natural,none,no,no,hallucinates broccoli
5,beta_0.3,كل مرة نفتح browser نلقى بزاف tabs قداميين راهم يرجعو وحدهم. نقدر نحبس هاذ الشي؟,لا تقلقش، ماشي حاجة محددة. بعض الأماكن والمنصات تستخدم نفس الاسم لـ2 أو 3 مواقع، ولا تعرفين من هي وماهي. إذا ما استعملت نفس الاسم في أكثر من موقع، فليستش تقدر تعرفين من هو. ماشي حاجة ضرورية، ولا تقلقش.,80,correct,relevant,natural,none,no,no,hallucinates broccoli
6,beta_0.3,الحايك كان غير في العاصمة ولا كان معروف في مناطق أخرى ثاني؟,الحاج يقدر يكون في العاصمة، ولياً في منطقته الأصلية، أو في مكان آخر بسبب العمل أو الدراسة أو السفر. الحاج يقدر يكون مرتبط بعمله في العاصمة، لكنه يبقى موجوداً في منطقته الأصلية أيضا. ماشي حاجة تامة، حسب المكان والزمان والسبب.,80,correct,relevant,natural,none,no,no,hallucinates broccoli
7,beta_0.3,شمّيت ريحة غاز قوية فالدار، واش ندير؟,الغازات الكيميائية تنتشر بسرعة في الهواء، ولا تبقى في مكان واحد طويلاً. إذا شمتك رائحة غازية قوية، اشرب من الماء وحاول تخلص منها. وإذا كانت الرياح ضعيفة، يكفي أن تغطى جسمك بالمنشفة حتى تتمكن من التخلص من الغاز قبل أن يدخل في داخلك.,95,correct,relevant,natural,none,no,no,hallucinates broccoli
8,beta_0.3,راني نقرا فالدار بصح كل شوية نلقى روحي نحل التليفون، واش ندير؟,اللي يقدر يدخل في الدار وينقح على الهاتف، ما تقدر تعرفه ولا تقدر ترد عليه. إذا كان مازلنا في نفس المكان، تنتظر حتى يخرج من الدار، وإذا خرجت، تبقي الباب مفتوح وحدك، ولا تفتحه إلا بعد 10 دقائق. إذا كان مازلنا في نفس المكان، تنتظر حتى يخرج من الدار، وإذا خرجت، تبقي الباب مفتوح وحدك، ولا تفتحه إلا بعد 10 دقائق.,128,correct,relevant,natural,none,no,no,hallucinates broccoli
9,beta_0.3,البياع قالي السلعة أصلية بصح العلبة ما فيهاش معلومات واضحة وما حبش يمدلي فاتورة. نشريها؟,"إذا البيع راهو يبيع السلع من غير شهادة صحية، تقدر تقول له: ""ماشي علبة ولا فاتورة، ماشي موثوق ولا متأكد من صحتها. إذا كان السلعة أصلية، يقدر يضمن لي الفاتورة ورقم المنتج"". وإذا البيع راهو يبيع باش يدفعك، تقدر تقول له: ""أنا متأكد من السلعة، لكنني لا أعرف عن الولى أو الفاتورة. إذا كان السلعة أصلية، يقدر يضمن لي الفاتورة ورقم المنتج"".",139,correct,relevant,natural,none,no,no,hallucinates broccoli
0,beta_0.5,علاش فالأعراس الجزائرية العروس تبدل بزاف اللبسات؟,العروس في الجزائر تبدل بزاف اللبسات، خاصة عند التوقيتات المحددة للرقص والترحيل. بعض الأعراس تبدأ باللمسة الأولى على الوجه، وصولاً إلى اللباس والزينة، مع مراعاة الحضور والحضور. لذا، يفضل اختيار اللباس المناسب وفقاً للحدث والجمهور.,89,correct,relevant,natural,none,no,no,hallucinates broccoli
1,beta_0.5,وش الفرق بين الكسرة والخبز الدار اللي يديروه فالدار؟,الخبز الدار يدخل في عدة أنواع، منها الخبز الدار اللي يدخل في الكسرة (الخبز المطبوخ بالكاسا). الخبز الدار اللي يدخل في الكسرة هو خبز مطبوخ بـالكاسا ولي يبقى طري وخشن، ولا يدخل في الكسرة إذا كان مطبوخ بـالحليب أو الزيت. الكسرة تدخل في نوع من الخبز المطبوخ بـالكاسا، لكنها تختلف عن الكسرة التقليدية التي تدخل فيها الحليب أو الزيت.,144,correct,relevant,natural,none,no,no,hallucinates broccoli
2,beta_0.5,واش هو overfitting فـ machine learning؟,"Overfitting is when a model learns the training data too well and performs poorly on new, unseen data. It's like if you train your dog to recognize your face but it also starts recognizing your shadow because it memorized all faces in its training set. To avoid this, you need to use techniques like regularization or cross-validation.",68,correct,relevant,natural,none,no,no,hallucinates broccoli
3,beta_0.5,علاش كي نعمر الـRAM تاع الكمبيوتر بزاف يولي ثقيل؟,الـRAM تاع الكمبيوتر تقدر تستخدمها بزاف، ولا تقدر تزيد مثلاً من 4 إلى 8 أو 16 جيجا باش تقدر تزيد الذاكرة. إذا ما راحك تضيف الـRAM بزاف، تقدر تحسن سرعة ودقة الألعاب والتطبيقات، لكن الـRAM تقدر تبقى على نفس الحجم حتى لو تزيدت الذاكرة.,99,correct,relevant,natural,none,no,no,hallucinates broccoli
4,beta_0.5,عندي بطاطا وبيض وبرك فالدار، نقدر ندير بيهم حاجة سريعة؟,إذا كاينو متوفرة، بصح تقدر تدير البطاطا والبيض والبروكلي في غرفتك السريعة. قطع البطاطا إلى شرائح صغيرة، وشوف ما تقدر تخلصها من البقاع المخمرة. البيض يقدر تقدر تخلصه من الشقوق، ولا تنسى التقطير عند الطهي. البروكلي يقدر تقدر تخلصه من الأوراق المخمرة، وشوف ما تقدر تخلصه من النباتات غير المفيدة. كلها ممكن تدخل في طبق واحد، أو تقدر تقدمهم على أصناف مختلفة.,152,correct,relevant,natural,none,no,no,hallucinates broccoli
5,beta_0.5,كل مرة نفتح browser نلقى بزاف tabs قداميين راهم يرجعو وحدهم. نقدر نحبس هاذ الشي؟,لا تقلق، هذا ماشي حاجة محددة. بعض الأشخاص يفضلون البقاء على نفس الصفحة لفترة طويلة، كي يتأكدوا من تحديثات الموقع. البعض الآخر يفضلون فتح عدة صفحات للتعامل معها في وقت واحد. ماشي حاجة ضرورية، حسب الطريقة اللي تحبها.,76,correct,relevant,natural,none,no,no,hallucinates broccoli
6,beta_0.5,الحايك كان غير في العاصمة ولا كان معروف في مناطق أخرى ثاني؟,الحاج يقدر يكون في العاصمة، ولياً في منطقته الأصلية، أو في مكان آخر بسبب العمل أو الدراسة أو السفر. الحاج يقدر يكون مرتبط بعمله في العاصمة، لكنه يبقى موجوداً في منطقته الأصلية أيضا.,64,correct,relevant,natural,none,no,no,hallucinates broccoli
7,beta_0.5,شمّيت ريحة غاز قوية فالدار، واش ندير؟,الغازات الكيميائية تنتشر بسرعة في الهواء، وليست محدودة بالمنزل. إذا شعرت بريحة غاز قوية، اخترق الدار وابحث عن مصدرها. إذا كان الغاز ينبعث من مكان معين، اغلقه واسحبه إلى مكان آمن. وإذا كانت الرياح ضعيفة ولا يوجد مصدر واضح، ربما يكون هناك خطر حقيقي، وعليك التأكد من عدم وجود حريق أو انفجار قبل أن تدخل إلى المكان.,118,correct,relevant,natural,none,no,no,hallucinates broccoli
8,beta_0.5,راني نقرا فالدار بصح كل شوية نلقى روحي نحل التليفون، واش ندير؟,اللي يقدر يدخل في الدار وينقح على الهاتف، ما تقدر تعرفه ولا تقدر ترد عليه. إذا كان مازلنا في نفس المكان، تنتظر حتى يخرج من الدار، وإذا خرجت، تبقي الباب مفتوح وحدك، ولا تفتحه إلا بعد كاين يدخل.,80,correct,relevant,natural,none,no,no,hallucinates broccoli
9,beta_0.5,البياع قالي السلعة أصلية بصح العلبة ما فيهاش معلومات واضحة وما حبش يمدلي فاتورة. نشريها؟,"إذا البيع راهو يبيع السلع من غير شهادة، تقدر تقول له: ""ماشي علبة ولا فاتورة، ماشي موثوق ولا متأكد من صحتها. ما تقدر تقدم لي معلومات واضحة وموفرة حتى تعرف真假"". إذا البيع يصرح بالسعر والكمية والرقم المميز، تقدر تقول: ""أنا متأكد من الرقم المميز، لكن ماشي متأكد من صحتها. ماشي علبة ولا فاتورة، ماشي موثوق ولا متأكد من صحتها. ما تقدر تقدم لي معلومات واضحة وموفرة حتى تعرف真假"".",151,correct,relevant,natural,none,no,no,hallucinates broccoli
