id,category,script,prompt,chosen,rejected,preference_label,preference_reason,annotator,notes
pref_000001,algerian_culture,arabic,وش الفرق بين الكسرة والخبز الدار اللي يديروه فالدار؟,الكسرة هي خبز تقليدي جزائري معروف، غالبا تتدار بالسميد والماء والملح، وتتطيب فوق الطاجين ولا سطح ساخن. أما خبز الدار فالتسمية وطريقة التحضير يقدرو يختلفو من عائلة لعائلة؛ كاين اللي يديروه بالفرينة، كاين بالسميد، وكاين وصفات تخلط بيناتهم. يعني ماشي كل خبز يتدار فالدار نسميوه كسرة.,الكسرة وخبز الدار هما نفس الحاجة تقريبًا، والفرق غير في الاسم وطريقة التسمية. الكسرة تتدار عادة بالسميد، وخبز الدار يكون بالفرينة.,chosen,instruction_adherence,A,
pref_000002,algerian_culture,arabic,علاش فالجزائر كي يجي الضيف يصرّو عليه ياكل ويشرب حتى كي يقول بلي شبع؟,هذي داخلة في ثقافة الضيافة عند بزاف العائلات الجزائرية. تقديم الماكلة والقهوة ولا أتاي والحرص بلي الضيف ما يخرجش جايع يتشاف كنوع من الكرم وحسن الاستقبال. طبعا الطريقة تختلف من عائلة لعائلة، وبعض الناس اليوم ولات عندهم عادات أخف من قبل.,خاطر في الجزائر لازم الضيف يقبل الماكلة والشراب حتى كي يقول شبع، وإلا يبان بلي ما احترمش صاحب الدار. هذي عادة عند العائلات الجزائرية كامل.,chosen,instruction_adherence,A,
pref_000003,algerian_culture,arabic,الحايك كان غير في العاصمة ولا كان معروف في مناطق أخرى ثاني؟,الحايك ما كانش محصور غير في الجزائر العاصمة. كان معروف بأشكال واستعمالات مختلفة في مناطق من الجزائر، خاصة في المدن والمناطق الحضرية، بصح طريقة اللبس والشكل تقدر تختلف حسب المنطقة والفترة. واليوم بقى أكثر كلباس تراثي من كونه لباس يومي.,الحايك كان معروف أساسا في العاصمة، ومن تما ولى معروف كلباس جزائري تقليدي.,chosen,instruction_adherence,A,
pref_000004,algerian_culture,arabic,واش هو الفرق بين القفطان الجزائري والكراكو؟,الكراكو لباس نسائي تقليدي مرتبط خصوصا بالجزائر العاصمة، ويتلبس غالبا في المناسبات والأعراس، ومعروف بالسترة المطرزة والتفاصيل الفخمة. أما كلمة قفطان فتستعمل على ألبسة تقليدية مختلفة في الجزائر، وماشي كل قفطان هو نفس الشكل. حتى طريقة اللبس والتفاصيل تختلف حسب المنطقة والعائلة.,الكراكو والقفطان الجزائري هما نفس اللباس تقريبًا، غير التسمية تختلف حسب المنطقة. بجوج معروفين خاصة في الأعراس.,chosen,instruction_adherence,A,
pref_000005,algerian_culture,arabic,علاش فالأعراس الجزائرية العروس تبدل بزاف اللبسات؟,تبديل اللبسات في العرس موجود عند بزاف العائلات، والهدف غالبا يكون إظهار ألبسة تقليدية مرتبطة بمناطق أو مراحل مختلفة من الاحتفال. بصح ماشي كل الأعراس يديرو نفس العدد ولا نفس اللبسات؛ الأمر يختلف حسب المنطقة، العائلة والميزانية وحتى الذوق الشخصي.,العروس تبدل بزاف اللبسات لأن هذا هو التقليد في الأعراس الجزائرية، وكل عرس عادة يكون فيه عدة ألبسة مختلفة.,chosen,instruction_adherence,A,
pref_000006,algerian_culture,arabic,هل الكسكس في الجزائر عندو نفس الطريقة في كامل البلاد؟,لا، الكسكس منتشر بزاف في الجزائر بصح طرق تحضيرو وتقديمو تختلف من منطقة لعائلة. نوع الخضر، المرق، التوابل وحتى شكل الحبات يقدرو يتبدلو. مثلا في بعض المناطق تلقى وصفات مرتبطة بالبيئة المحلية والمكونات اللي كانت متوفرة فيها. لذلك صعيب نقولو كاينة وصفة جزائرية وحدة للكسكس.,إيه، الكسكس في الجزائر عندو طريقة وحدة تقريبًا: نفس الحبات ونفس المرق ونفس طريقة التقديم، والاختلافات بسيطة برك.,chosen,instruction_adherence,A,
pref_000007,algerian_culture,arabic,وش معناها كي واحد جزائري يقول لواحد آخر «صحا»؟,«صحا» كلمة تتستعمل بزاف في الدارجة الجزائرية، ومعناها يتبدل شوية حسب السياق. تقدر تكون تحية أو تعبير على التقدير، وتقدر تتقال مثلا بعد الماكلة بمعنى قريب لـ«بالصحة» أو «يعطيك الصحة». يعني السياق ونبرة الكلام مهمين.,«صحا» معناها دائمًا «شكرا»، وما تتبدلش معناها حسب السياق.,chosen,instruction_adherence,A,
pref_000008,algerian_culture,arabic,في رمضان، علاش المائدة الجزائرية مرات تكون عامرة بزاف أطباق؟,رمضان عند بزاف العائلات وقت يجتمعو فيه على المائدة، ولهذا تلقى أطباق متنوعة كيما الشربة، البوراك، السلطات وأطباق أخرى حسب المنطقة والعائلة. جزء من الموضوع مرتبط بالعادة والاجتماع العائلي، وماشي شرط كل دار تكون عندها نفس المائدة ولا نفس الأطباق.,خاطر المائدة في رمضان لازم تكون عامرة، وعادة الجزائريين كامل يحضرو بزاف أطباق كيما الشربة والبوراك.,chosen,instruction_adherence,A,
pref_000009,algerian_culture,arabic,وش معروف على اللباس التقليدي في تلمسان؟,تلمسان عندها تراث غني في اللباس التقليدي، ومن الألبسة المعروفة فيها الشدة التلمسانية، اللي ترتبط خصوصا بمراسم الزواج والمناسبات. فيها قطع وزخارف وتفاصيل كثيرة، واللباس التقليدي التلمساني تأثر بتاريخ المدينة وتنوعها الثقافي. اليوم غالبا نشوفوه في الأعراس والمناسبات التراثية.,تلمسان معروفة أساسًا باللباس الأبيض التقليدي، وهو اللباس اللي يلبسوه النساء في الأعراس.,chosen,instruction_adherence,A,
pref_000010,algerian_culture,arabic,هل موسيقى الراي أصلها غير من وهران؟,الراي مرتبط بقوة بالغرب الجزائري، وخاصة وهران والمنطقة المحيطة بها، بصح تاريخو ما يتختصرش في مدينة وحدة. تطور من تقاليد موسيقية وشعرية شعبية، ومن بعد تبدل مع الوقت ودخلتلو آلات وأساليب حديثة. لذلك وهران عندها دور مهم جدا في تاريخ الراي، بصح الظاهرة أوسع من مدينة وحدة.,الراي أصلو من وهران، ومن بعد انتشر لباقي الجزائر والدول الأخرى.,chosen,instruction_adherence,A,
pref_000011,algerian_culture,arabic,واش يميز قصور وادي مزاب من ناحية الثقافة والبناء؟,قصور وادي مزاب معروفة بتنظيم عمراني متكيف مع البيئة الصحراوية، وبالعمارة المبنية حول القصور والواحات. المنطقة عندها أيضا تقاليد حرفية واجتماعية مميزة. هذا التراث العمراني والثقافي هو جزء من القيمة الكبيرة لوادي مزاب، ولهذا راهو معروف عالميا ضمن مواقع التراث.,قصور وادي مزاب معروفة غير بالعمارات القديمة، وما عندهاش علاقة خاصة بتنظيم اجتماعي ولا بالبيئة.,chosen,instruction_adherence,A,
pref_000012,algerian_culture,arabic,هل الزرنة غير موسيقى تاع الأعراس؟,الزرنة مرتبطة بزاف بالمناسبات والاحتفالات الشعبية، ومن بينها الأعراس، بصح استعمالها ما كانش محصور في العرس وحدو. هي موسيقى تعتمد على آلات نفخ وإيقاع، وعندها حضور في بعض مناطق الجزائر بتقاليد وأساليب مختلفة. اليوم أكثر ما نسمعوها في المناسبات والفعاليات التراثية.,الزرنة هي موسيقى أعراس بالدرجة الأولى، وما تتستعملش عادة خارج الأعراس.,chosen,instruction_adherence,A,
pref_000013,code_switching,arabic,راني نخدم على مشروع تاع الجامعة، بصح الـdeadline قرب ومازال ما كملتش الجزء الأخير. واش تنصحني ندير؟,قسم الخدمة لي بقات لخطوات صغار، وحدد واش لازم يكمل اليوم وواش يقدر يستنى. ما تضيعش الوقت في التفاصيل الثانوية، ركز على الجزء الضروري باش تلحق الـdeadline.,كمل الجزء الأخير كامل أولاً وخدم حتى التفاصيل الصغيرة، ومن بعد إذا بقى الوقت شوف واش تقدر تحذف.,chosen,instruction_adherence,A,
pref_000014,code_switching,arabic,التليفون تاعي كل مرة يطلعلي مشكل في الـapplication، ومن بعد يخرج وحدو. واش نقدر نجرب؟,أول حاجة دير update للـapplication إذا كاين، ومن بعد عاود شعل التليفون. إذا بقى نفس المشكل، شوف إذا كاين espace كافي ولا جرّب تحذف الـapplication وترجع تثبتها.,حذف الـapplication ورجع ثبتها مباشرة، وإذا بقى المشكل عاود شعل التليفون. غالبا هذي تحل المشكل.,chosen,instruction_adherence,A,
pref_000015,code_switching,arabic,غدوة عندي entretien على stage، وراسي راهو شوية مخلوط. كيفاش نوجد روحي؟,راجع مليح واش يدير الفريق ولا المؤسسة، وحضر تعريف قصير على روحك وعلى المشاريع لي خدمت عليهم. وزيد حضر إجابات على أسئلة بسيطة كيما علاش حاب الـstage وواش تقدر تضيف للفريق.,راجع المؤسسة وحضر تعريف على روحك، وحاول تحفظ أجوبة جاهزة لكل الأسئلة اللي ممكن يطرحوها عليك.,chosen,instruction_adherence,A,
pref_000016,code_switching,arabic,الـWi-Fi راهو يخدم مليح في الهاتف بصح في الـordinateur بطيء بزاف، واش ممكن يكون السبب؟,ممكن المشكل يكون من الـordinateur نفسه ولا من الـWi-Fi adapter، ماشي بالضرورة من الشبكة. جرّب نفس الشبكة في جهاز آخر، وإذا غير الـordinateur لي بطيء شوف الـdriver والبرامج لي راهي تستعمل الانترنت.,المشكل غالبا من الـWi-Fi نفسه، خاصة إذا راهو بطيء. عاود شعل الراوتر وجرب من بعد.,chosen,instruction_adherence,A,
pref_000017,code_switching,arabic,رحت للإدارة على جال dossier، قالولي لازم نزيد وثيقة ما كانتش مذكورة في الموقع. واش ندير؟,إذا تقدر، اكتب اسم الوثيقة بالضبط واسقسيهم علاش مطلوبة ووين تقدر تجيبها. وخلي عندك نسخة من الـdossier والمعلومات لي كانت منشورة في الموقع باش ما تعاودش نفس المشوار بلا فايدة.,زيد الوثيقة وخلاص، خاطر الإدارة أكيد عندها الحق تطلبها حتى إذا ما كانتش مذكورة في الموقع.,chosen,instruction_adherence,A,
pref_000018,code_switching,arabic,البياع قالي livraison مجانية بصح كي جيت نأكد commande زادلي مصاريف. كيفاش نسقسيه بلا ما ندير مشكل؟,قولّو بهدوء: «قلتلي livraison gratuite، بصح في الـcommande بانلي مبلغ زيادة، تقدر توضّحلي علاش؟». هكذا تخليه يفسر قبل ما تخلص.,قولّو بلي قالك livraison gratuite واسقسيه علاش زاد المصاريف، وإذا ما حبش ينحيهم ما تكملش الـcommande.,chosen,instruction_adherence,A,
pref_000019,code_switching,arabic,صحابي كامل راهوم في social media، بصح أنا ما نحبش نحط كل تفاصيل حياتي. هذا عادي؟,عادي بزاف. تقدر تستعمل social media غير للحوايج لي تحب تشاركهم، وماشي لازم تحط حياتك الخاصة كاملة. المهم تكون مرتاح مع واش تنشر ومع الناس لي يقدرو يشوفوه.,إيه عادي، بصح إذا صحابك كامل في social media حاول حتى أنت تشارك شوية باش ما تبقاش خارج الجو.,chosen,instruction_adherence,A,
pref_000020,code_switching,arabic,في اللعبة الـupdate الجديد خلى الـperformance تهبط عندي. نرجع للنسخة القديمة ولا نستنى؟,إذا المشكل بدا مباشرة بعد الـupdate، شوف أولاً إذا اللاعبين الآخرين عندهم نفس المشكل ولا كاين patch جديد. إذا ما كاينش حل واضح، الانتظار شوية ممكن يكون أحسن من تبديل النسخة بلا ما تعرف السبب.,إذا الـupdate هبط الـperformance، الأفضل ترجع مباشرة للنسخة القديمة لأنها كانت تخدم مليح قبل.,chosen,instruction_adherence,A,
pref_000021,code_switching,arabic,الأستاذ عطانا feedback على الـprojet وقال بلي الفكرة مليحة بصح الـméthodologie ناقصة. واش يقصد غالبا؟,غالباً يقصد بلي الفكرة والهدف واضحين، بصح ما شرحتوش كفاية كيفاش راكم راح تخدمو عليها: البيانات، الطريقة، الخطوات، وكيفاش راح تقيسو النتيجة. يعني لازم تقوّيو الجزء لي يشرح طريقة العمل.,يقصد غالبا بلي لازمكم تزيدو شرح أكثر على الفكرة والنتائج، لأن الـméthodologie هي الجزء اللي يبين واش هي الفكرة.,chosen,instruction_adherence,A,
pref_000022,code_switching,arabic,حاب نبعث candidature لخدمة، بصح الـCV تاعي بالفرنسية. نقدر نبعثو هكذا ولا نترجمو؟,شوف لغة إعلان الخدمة أولاً. إذا الإعلان والجهة يستعملو الإنجليزية، الأفضل يكون الـCV بالإنجليزية؛ وإذا كل التواصل بالفرنسية، النسخة الفرنسية مناسبة. المهم ما تترجمش الـCV حرفياً وتخلي المصطلحات المهنية طبيعية.,إذا الـCV بالفرنسية تقدر تبعثو عادي، وما تحتاجش تبدلو حتى إذا إعلان الخدمة بالإنجليزية.,chosen,instruction_adherence,A,
pref_000023,code_switching,arabic,راني نستنى في réponse تاع واحد بعثتلو message على الخدمة، بصح ما جاوبنيش من نهار الاثنين. نعاود نبعثلو؟,إيه، تقدر تدير follow-up قصير ومحترم، خاصة إذا دازو عدة أيام. ذكّرو بالـmessage الأول وقولّو غير بلي حبيت تعرف إذا قدر يشوفه، بلا ما تضغط عليه.,إيه عاود ابعثلو message اليوم وقولو بلي ما جاوبكش، باش يعرف بلي راك تستنى فيه.,chosen,instruction_adherence,A,
pref_000024,code_switching,arabic,في الـmeeting فهمت نص الكلام برك، خاصة كي بداو يهضرو بالإنجليزية. كيفاش نطلب منهم يعاودو يشرحولي بلا ما نبان ما فهمت والو؟,تقدر تقول عادي: «سمحولي، نحب نتأكد بلي فهمت النقطة هذي مليح، تقدروا توضحوها مرة أخرى؟». ما فيها حتى مشكل، وبالعكس خير ما تخرج من الـmeeting وانت فاهم حاجة غالطة.,قولهم غير بلي ما فهمتش، واطلب منهم يعاودو الاجتماع كامل بالإنجليزية باش تكون فاهم كلش.,chosen,instruction_adherence,A,
pref_000025,commerce,arabic,لقيت زوج عروض على نفس النوع تاع القهوة: وحدة بـ 480 دج للكيلو، ووحدة بـ 430 دج بصح لازم نشري زوج كيلو. واش الفرق بيناتهم؟,إذا العرض الثاني راهو 430 دج للكيلو، زوج كيلو يجو بـ860 دج، يعني الكيلو أرخص بـ50 دج من العرض الأول. بصح إذا ما تحتاجش زوج كيلو، العرض الأول يخلّيك تشري غير الكمية لي تحتاجها.,العرض الأول يخرج أرخص لأنك تخلص 480 دج فقط، أما الثاني لازم تخلص 860 دج كامل.,chosen,instruction_adherence,A,
pref_000026,commerce,arabic,إذا السلعة بـ 3500 دج وزيد عليها 400 دج توصيل، شحال نخلص كامل؟,تخلص 3900 دج كامل: 3500 دج تاع السلعة + 400 دج تاع التوصيل.,تخلص 3500 دج، لأن 400 دج تاع التوصيل ما تدخلش في ثمن السلعة.,chosen,instruction_adherence,A,
pref_000027,commerce,arabic,هذاك الـ20% discount راهو مليح ولا غير marketing؟ السعر قبل التخفيض 5000 دج.,20% من 5000 دج هي 1000 دج، يعني السعر بعد التخفيض يولي 4000 دج. واش راهو مليح ولا لا يتوقف على السعر العادي لنفس المنتج عند البياعة الآخرين؛ النسبة وحدها ما تكفيش باش نحكمو.,20% من 5000 دج هي 1000 دج، يعني السعر بعد التخفيض 4000 دج، وبالتالي العرض مليح.,chosen,instruction_adherence,A,
pref_000028,commerce,arabic,حاب نشري تلفاز مستعمل من واحد، واش لازم نسقسيه ونشوف قبل ما نخلص؟,سقسيه على العمر تاع التلفاز، واش كان فيه عطب قبل، وعلاش راهو يبيعو. جرّبو قدامك وشوف الصورة، الصوت، المداخل والريموت، وإذا عندو فاتورة ولا ضمان قديم خليه يمدهملك. والأهم ما تخلصش قبل ما تتأكد بلي الحالة توافق واش قالك عليها.,سقسيه على العمر والسبب اللي خلاه يبيع التلفاز، وجرب الصورة والصوت قبل ما تخلص.,chosen,instruction_adherence,A,
pref_000029,commerce,arabic,البياع قالي السلعة أصلية بصح العلبة ما فيهاش معلومات واضحة وما حبش يمدلي فاتورة. نشريها؟,أنا ما نستعجلش في هاذ الحالة. غياب المعلومات والفاتورة ما يثبتش وحدو بلي السلعة مقلدة، بصح يزيد الشك. سقسيه على مصدرها، الضمان، ورقم الموديل ولا السيريال إذا كاين، وقارن التفاصيل مع معلومات الشركة المصنعة. إذا بقى يتهرب، الأحسن ما تخاطرش.,إذا قالك أصلية خلاص صدقو، وما تحتاجش فاتورة إذا السعر مناسب.,chosen,instruction_adherence,A,
pref_000030,commerce,arabic,شريت حذاء من محل وكي روحت للدار لقيتو يضيق عليا. نقدر نبدلو؟,هذا يعتمد على سياسة المحل وشروط البيع. شوف واش مكتوب في الفاتورة ولا اسقسي البياع إذا يقبلو échange، خصوصا إذا الحذاء ما تستعملش وباقي بحالتو. ما نقدرش نقولك بلي كل المحلات عندها نفس السياسة.,إذا السعر ناقص بزاف، استغل الفرصة وخلص اليوم قبل ما يروح العرض. حاول غير تتأكد بلي الساعة تخدم.,chosen,instruction_adherence,A,
pref_000031,commerce,arabic,عندي 6000 دج، وحاب نشري حاجة بـ5200 دج والتوصيل 600 دج. يبقى لي شحال؟,المجموع يولي 5800 دج، يعني يبقى لك 200 دج من الـ6000 دج.,5200 + 600 = 5700، يعني يبقى لك 300 دج.,chosen,instruction_adherence,A,
pref_000032,commerce,arabic,البياع راهو طالب 7000 دج على طابلة مستعملة، وأنا نشوف فيها شوية خدوش. كيفاش نفاوضو بلا ما نظلمو؟,قولّو بهدوء بلي شفت الخدوش وبلي السعر بالنسبة للحالة يبانلك طالع شوية، ومن بعد قدم عرض معقول مبني على الحالة، ماشي غير تنقص السعر وخلاص. وإذا ما اتفقتوش، تقدر تخليه وتقلّب على عرض آخر.,قولّو الخدوش تنقص من قيمة الطابلة واطلب منه يهبط السعر للنص، وإذا رفض خليه.,chosen,instruction_adherence,A,
pref_000033,commerce,arabic,لقيت pack فيه 6 قراعي بـ720 دج، ونفس القارورة وحدها بـ130 دج. واش الأرخص؟,في الـpack، القارورة الواحدة تخرج بـ120 دج، خاطر 720 ÷ 6 = 120. يعني الـpack أوفر بـ10 دج في القارورة مقارنة بالسعر الفردي 130 دج.,القارورة وحدها أرخص لأنها 130 دج، بينما الـpack بـ720 دج.,chosen,instruction_adherence,A,
pref_000034,commerce,arabic,طلبت حاجة من عند بائع أونلاين وقالّي التوصيل متوفر غير لبعض الولايات. نقدر نسقسيه قبل ما نأكد الطلب؟,أكيد، والأحسن تسقسيه قبل ما تأكد. قولّو الولاية لي راك فيها، واسقسيه على توفر التوصيل، السعر، والمدة التقريبية، وزيد تأكد واش الدفع عند الاستلام متوفر ولا لا إذا كان هذا مهم بالنسبة لك.,إيه، أكد الطلب ومن بعد اسقسيه على التوصيل إذا لقيت مشكل.,chosen,instruction_adherence,A,
pref_000035,commerce,arabic,واش أحسن: منتوج بـ9000 دج عندو ضمان، ولا نفس النوع بـ7500 دج بلا ضمان؟,ما نقدرش نقول بلي الأغلى أحسن مباشرة. الفرق 1500 دج، فإذا الضمان يغطي أعطال مهمة والمنتوج حساس أو غالي التصليح، ممكن يكون فرق السعر منطقي. أما إذا المنتج بسيط والنسخة الأرخص حالتها مضمونة، ممكن 7500 دج تكون كافية. شوف بالضبط واش يغطي الضمان ومدة صلاحيته قبل القرار.,الـ9000 دج أحسن مباشرة لأنو فيه ضمان، حتى لو الضمان ما يغطيش كامل الأعطال.,chosen,instruction_adherence,A,
pref_000036,commerce,arabic,واحد في marketplace راهو عارض ساعة بسعر ناقص بزاف على السعر لي نشوفو عادة، وراه يضغط عليا باش نخلص اليوم. واش ندير؟,ما تستعجلش غير على خاطر راهو يقول العرض غير اليوم. حاول تتأكد من حالة الساعة، مصدرها، الصور والمعلومات، واسقسي على الفاتورة والضمان إذا كاين. وإذا طلب منك طريقة دفع غير واضحة أو رفض يعطيك معلومات أساسية، الأحسن توقف حتى تتأكد.,بما أن السعر منخفض بزاف، خلص اليوم إذا البائع عطاك صور واضحة، وبعدها تقدر تتأكد من باقي التفاصيل.,chosen,instruction_adherence,A,
pref_000037,daily_life,arabic,غدوة عندي نهار معمر، كيفاش نرتب وقتي باش ما نضيعش؟,قبل ما ترقد، كتب كامل الحوايج اللي لازم تديرهم ورتبهم حسب الأولوية. الصباح خليه للحوايج اللي يحتاجو تركيز، والمشاوير ديرهم في نفس الجهة إذا قدرت. وخلي شوية وقت احتياط بين كل حاجة وحاجة باش أي تأخير ما يقلبلكش البرنامج كامل.,كتب كامل الحوايج ورتبهم، ومن بعد بدا بالحاجة الأولى وكمل وحدة بوحدة.,chosen,instruction_adherence,A,
pref_000038,daily_life,arabic,راني نقرا فالدار بصح كل شوية نلقى روحي نحل التليفون، واش ندير؟,حط التليفون بعيد عليك ولا ديرلو mode avion وقت القراية. جرب تقرا 40 ولا 50 دقيقة ومن بعد دير pause قصيرة. وإذا تحتاج التليفون للقراية، سد notifications تاع التطبيقات اللي ما عندهاش علاقة بالدرس.,خلي التليفون حدّاك وحاول تقاوم الرغبة باش تفتحو، وركز على القراية حتى تكمل.,chosen,instruction_adherence,A,
pref_000039,daily_life,arabic,عندي بطاطا وبيض وبرك فالدار، نقدر ندير بيهم حاجة سريعة؟,إيه، تقدر تدير omelette بالبطاطا. قطع البطاطا صغار وقليها في شوية زيت حتى تطرى وتتحمر شوية. من بعد اخفق البيض، زيد الملح والتوابل اللي عندك، وصبّو فوق البطاطا وخليه يطيب على نار هادئة حتى يشد البيض. إذا عندك بصل ولا جبن تقدر تزيدهم، بصح ماشي ضروري.,إيه، دير بطاطا مع بيض: طيب البطاطا ومن بعد زيد البيض فوقها وخلاص.,chosen,instruction_adherence,A,
pref_000040,daily_life,arabic,إذا كان عندي rendez-vous على 10، شحال من بكري لازم نخرج؟,يعتمد على الطريق ووسيلة النقل. إذا الطريق عادة ياخذ 30 دقيقة، حاول تخرج حوالي 9:15 ولا 9:20 باش يكون عندك وقت احتياط للتأخير. وإذا الموعد مهم بزاف، الأحسن توصل قبل بـ10 إلى 15 دقيقة.,إذا الموعد على 10، اخرج قبل بساعة باش تكون مرتاح وما تتأخرش.,chosen,instruction_adherence,A,
pref_000041,daily_life,arabic,الباص فاتني وأنا لازم نوصل بكري، واش ندير؟,شوف مباشرة واش كاين transport آخر لنفس الجهة: bus آخر، tramway إذا متوفر، ولا taxi حسب المسافة والوقت. وإذا كنت رايح لموعد مهم، عيط للشخص وقولو بلي راك متأخر شوية بدل ما تخليه يستناك بلا خبر.,استنى الباص اللي بعدو، وإذا تأخر عليك استعمل taxi.,chosen,instruction_adherence,A,
pref_000042,daily_life,arabic,راني خارج نشري، كيفاش ما ننساش الحوايج اللي نحتاجهم؟,دير liste قبل ما تخرج، وقسمها مثلا: خضرة، مواد غذائية، نظافة، وحوايج أخرى. كي تحط حاجة في panier علّم عليها مباشرة. وإذا عندك budget محدد، كتب حتى الكمية والسعر التقريبي باش ما تفوتش المبلغ اللي حاسب عليه.,كتب الحوايج في ورقة وخذها معاك، ومن بعد شوف واش شريت قبل ما تخرج.,chosen,instruction_adherence,A,
pref_000043,daily_life,arabic,صحبي راهو يستناني وأنا ما نقدرش نروح اليوم، كيفاش نقولو بلا ما نجرحو؟,قولّو بصراحة وبطريقة بسيطة: «سمحلي خويا، اليوم ما نقدرش نجي، طرالي شغل وما نيش قادر نلحق. نعاودوها نهار آخر إن شاء الله». هكذا تكون واضح وما تخليهش يستنى بلا ما يعرف.,قولّو ما نقدرش نجي اليوم، وخلاص. أكيد راح يفهم.,chosen,instruction_adherence,A,
pref_000044,daily_life,arabic,نسيت وين حطيت مفاتيح الدار، كاش طريقة باش نلقاهم بسرعة؟,ما تقلبش عشوائيا. رجع بذاكرتك لآخر لحظة استعملت فيها المفاتيح، ومن بعد عاود نفس المسار: الباب، الجيوب، sac، الطاولة ولا المكان اللي عادة تحطهم فيه. شوف حتى الأماكن غير المعتادة كيما فوق الثلاجة ولا جنب الشاحن إذا كنت كنت مشغول.,قلب في الجيوب والطاولة والأماكن اللي تحط فيهم المفاتيح عادة، ومن بعد شوف باقي الدار.,chosen,instruction_adherence,A,
pref_000045,daily_life,arabic,نحب ننظم نهاري بين القراية، الراحة وشوية sport.,دير برنامج بسيط وما تعمروش بزاف. مثلا الصباح خصص وقت للقراية المركزة، من بعد pause وغدا، وبعدها session ثانية. خلي 30 إلى 60 دقيقة للرياضة حسب وقتك، وفي الليل دير مراجعة خفيفة ولا حضّر لنهار الغد. المهم البرنامج يكون واقعي وتقدر تلتزم بيه.,قسم النهار بين القراية والراحة والرياضة، وخلي كل نشاط عندو وقت محدد.,chosen,instruction_adherence,A,
pref_000046,daily_life,arabic,الماكلة اللي طيبتها بقات من البارح، كيفاش نسخنها بلا ما تنشف؟,إذا كانت في الثلاجة ومحفوظة مليح، سخنها على نار هادئة وزيدلها شوية ماء ولا صوص حسب نوع الماكلة، وغطّيها باش ما تفقدش الرطوبة. في الميكروويف، غطّيها وخدم التسخين على مراحل قصيرة وحرّكها بيناتهم.,سخن الماكلة على نار قوية باش تسخن بسرعة، ومن بعد كلّها مباشرة.,chosen,instruction_adherence,A,
pref_000047,daily_life,arabic,عندي بزاف rendez-vous هاذ السيمانة ونخاف نخلط بينهم.,حطهم كامل في calendrier واحد، وكل موعد كتب فيه الساعة، المكان، ووقت الطريق إذا كان مهم. دير reminder قبل الموعد بيوم، وإذا كان موعد قريب دير واحد آخر قبلها بساعة. هكذا ما تعتمدش غير على الذاكرة.,كتب المواعيد كامل في الهاتف وديرلهم alarm باش ما تنساهمش.,chosen,instruction_adherence,A,
pref_000048,daily_life,arabic,اليوم حاب ندير ménage فالدار بصح ما نعرفش منين نبدا.,بدا بالحوايج اللي يبان أثرهم بسرعة: لمّ الفوضى وحط كل حاجة في بلاصتها، من بعد نظف الغبرة، وبعدها الأرضية. ما تحاولش تنظف الدار كامل في نفس الوقت؛ قسمها غرف ولا مهام، وخدم وحدة بوحدة.,بدا بالمطبخ، ومن بعد نظف الغرف والأرضية حتى تكمل الدار كامل.,chosen,instruction_adherence,A,
pref_000049,education,arabic,تقدر تشرحلي كيفاش نحسبو مساحة المثلث؟,إيه. مساحة المثلث نحسبوها بالقانون: المساحة = (القاعدة × الارتفاع) ÷ 2. مثلا إذا القاعدة 8 سم والارتفاع 5 سم، المساحة تكون (8 × 5) ÷ 2 = 20 سم²,مساحة المثلث = القاعدة × الارتفاع. إذا القاعدة 8 والارتفاع 5، المساحة 40 سم².,chosen,instruction_adherence,A,
pref_000050,education,arabic,وش معناها moyenne فالإحصاء وكيفاش نحسبوها؟,الـmoyenne هي القيمة اللي تمثل المستوى العام تاع مجموعة أرقام. نحسبوها بجمع كامل القيم ومن بعد نقسمو المجموع على عدد القيم. مثلا عندك 10، 12 و14: المجموع 36، وعدد القيم 3، يعني moyenne = 36 ÷ 3 = 12,الـmoyenne نحسبوها بجمع القيم ومن بعد نقسمو على عددهم. في المثال 10 و12 و14، النتيجة 14.,chosen,instruction_adherence,A,
pref_000051,education,arabic,علاش كي نزيدو السرعة تاع الجسم تزيد الطاقة الحركية تاعو؟,خاطر الطاقة الحركية مرتبطة بالسرعة تربيع. القانون هو Ec = 1/2 mv²، وين m هي الكتلة وv هي السرعة. يعني إذا ضاعفنا السرعة، الطاقة الحركية تولي أربع مرات أكبر، بشرط الكتلة تبقى نفسها,الطاقة الحركية تزيد مع السرعة، والقانون هو Ec = 1/2 mv. يعني إذا ضاعفنا السرعة تتضاعف الطاقة الحركية.,chosen,instruction_adherence,A,
pref_000052,education,arabic,أنا نخلط بين variance و écart-type، واش الفرق بيناتهم؟,الـvariance والـécart-type بجوج يقيسو شحال القيم متشتتة حول الـmoyenne. الفرق هو أن الـvariance تكون بوحدة مربعة، بينما الـécart-type يكون بنفس وحدة البيانات. رياضيا، écart-type هو الجذر التربيعي للـvariance: σ = √Var(X),الـvariance والـécart-type يقيسو نفس الحاجة تقريبًا، غير الـécart-type يكون أكبر من الـvariance عادة.,chosen,instruction_adherence,A,
pref_000053,education,arabic,وش الفرق بين RAM و disque dur فالكومبيوتر؟,الـRAM هي الذاكرة اللي يستعملها الكمبيوتر مؤقتا باش يخدم بالبرامج والبيانات اللي راهي قيد الاستعمال. كي تطفي الجهاز، المحتوى تاعها يروح. أما disque dur ولا SSD فهو stockage دائم، يعني الملفات والبرامج يبقاو محفوظين حتى بعد ما تطفي الجهاز. عادة الـRAM أسرع بزاف من التخزين,الـRAM والتخزين بجوج يخزنو البيانات، غير الـRAM أسرع والـdisque dur أبطأ ويحتفظ بالملفات.,chosen,instruction_adherence,A,
pref_000054,education,arabic,كيفاش نعرف واش العدد الأولي ولا لا؟,العدد الأولي هو عدد أكبر من 1 ما عندوش غير زوج قواسم موجبة: 1 ونفسو. باش تختبر عدد n، ما تحتاجش تجرب كامل الأعداد حتى n؛ يكفي تشوف القواسم حتى √n. مثلا 29 أولي، خاطر ما يقبلش القسمة بلا باقي على 2 ولا 3 ولا 4 ولا 5، و√29 تقريبًا 5.4,باش تعرف العدد الأولي جرب تقسمو على الأعداد كامل من 2 حتى n-1، وإذا ما تقسمش فهو أولي.,chosen,instruction_adherence,A,
pref_000055,education,arabic,عندي امتحان بعد أسبوع وما نيش عارف كيفاش نقسم وقت المراجعة.,قسم الأسبوع على حسب المواد والصعوبة تاع كل وحدة. مثلا كل نهار دير 2 ولا 3 sessions مركزين، وكل session بين 45 و60 دقيقة، وبيناتهم pause قصيرة. ما تخليش المراجعة غير قراءة؛ حاول تحل تمارين، تجاوب من راسك بلا ما تشوف الحل، وفي آخر كل نهار راجع واش مازال ما فهمتوش. خلي اليوم الأخير للمراجعة العامة والتمارين اللي غلطت فيهم,قسم الأسبوع بالتساوي على المواد، واقرا الدروس كامل في الأيام الأولى وخلي آخر يوم للمراجعة.,chosen,instruction_adherence,A,
pref_000056,education,arabic,وش معناها corrélation بين زوج متغيرات؟,الـcorrélation تقيس العلاقة الخطية بين زوج متغيرات. معامل Pearson مثلا يكون بين -1 و1. قيمة قريبة لـ1 تعني علاقة خطية موجبة قوية، وقيمة قريبة لـ-1 تعني علاقة خطية سالبة قوية، وقيمة قريبة للصفر تعني ما كاش علاقة خطية واضحة. بصح corrélation ما تعنيش بالضرورة causation,الـcorrélation تقيس إذا زوج متغيرات مرتبطين، وإذا كانت قريبة لـ1 فمعناها واحد يسبب الآخر بقوة.,chosen,instruction_adherence,A,
pref_000057,education,arabic,علاش السماء تبان زرقاء فالنهار؟,ضوء الشمس فيه ألوان مختلفة، والغلاف الجوي يشتت الضوء الأزرق أكثر من الألوان اللي عندها أطوال موجية أكبر. لهذا الضوء الأزرق يوصل لعينينا من اتجاهات مختلفة وبكمية أكبر، وبهذا السماء تبان زرقاء في النهار,السماء تبان زرقاء لأن الغلاف الجوي فيه غازات لونها أزرق، وضوء الشمس يبين هذا اللون في النهار.,chosen,instruction_adherence,A,
pref_000058,education,arabic,تقدر تفسرلي واش هي الخوارزمية بطريقة بسيطة؟,الخوارزمية هي مجموعة خطوات مرتبة نستعملوها باش نحلّو مشكل ولا نديرو مهمة معينة. مثلا إذا حبيت ترتب أرقام من الأصغر للأكبر، تقدر تستعمل خوارزمية للترتيب تاخذ الأرقام وتطبق عليهم خطوات محددة حتى تتحصل على قائمة مرتبة. المهم أن الخطوات تكون واضحة وقابلة للتنفيذ,الخوارزمية هي برنامج جاهز يحل المشكل وحدو. مثلاً برنامج الترتيب يرتب الأرقام بطريقة آلية.,chosen,instruction_adherence,A,
pref_000059,education,arabic,إذا كان عندي 20 طالب و5 منهم نجحو، كيفاش نحسب نسبة النجاح؟,نسبة النجاح = عدد الناجحين ÷ العدد الكلي × 100. هنا 5 ÷ 20 × 100 = 25%. يعني نسبة النجاح هي 25%,نسبة النجاح = 5 ÷ 20 = 0.25، يعني نسبة النجاح هي 0.25%.,chosen,instruction_adherence,A,
pref_000060,education,arabic,واش هو overfitting فـ machine learning؟,الـoverfitting يصرا كي النموذج يتعلم بيانات التدريب بشكل مبالغ فيه، حتى يولي ممتاز على training data بصح أداؤه يهبط على بيانات جديدة. غالبا تلقى training error صغير بزاف بينما validation error يبقى كبير. نقدروا نخففوه بطرق كيما regularization، data augmentation، early stopping، أو تقليل تعقيد النموذج حسب الحالة,الـoverfitting يصرا كي النموذج يكون بسيط بزاف وما يقدرش يتعلم بيانات التدريب، وبالتالي training error وvalidation error يكونو كبار.,chosen,instruction_adherence,A,
pref_000061,general_qa,arabic,علاش البحر لونو يبان أزرق؟,اللون اللي نشوفوه في البحر مرتبط بطريقة تفاعل الضوء مع الماء. الماء يمتص بعض الألوان أكثر من غيرها، والضوء الأزرق يوصل ويتشتت بطريقة تخليه يبان أكثر لعينينا. واللون يقدر يتبدل حسب العمق، حالة البحر والسماء.,البحر يبان أزرق لأن الماء لونو أزرق بطبيعته، وكلما كان عميق يبان اللون أكثر.,chosen,instruction_adherence,A,
pref_000062,general_qa,arabic,واش الفرق بين القارة والدولة؟,القارة هي مساحة جغرافية كبيرة تضم دول ومناطق متعددة، كيما إفريقيا وأوروبا. أما الدولة فهي كيان سياسي عندو حدود وحكومة وسكان، كيما الجزائر. يعني القارة تقدر تضم بزاف دول، والدولة تكون جزء من قارة.,القارة هي دولة كبيرة فيها عدة مدن، والدولة هي مدينة عندها حدود وحكومة.,chosen,instruction_adherence,A,
pref_000063,general_qa,arabic,كيفاش يخدم GPS باش يعرف وين رانا؟,الـGPS يعتمد على إشارات جاية من أقمار صناعية تدور حول الأرض. الهاتف ولا الجهاز يستقبل الإشارات من عدة أقمار ويستعمل الوقت اللي خذات الإشارة باش تقدر المنظومة تحدد الموقع تقريبًا. ومن بعد التطبيق يستعمل هذي المعلومات باش يبينلك موقعك ولا يحسبلك الطريق.,الـGPS يعرف موقعك من خلال الإنترنت وبرج الهاتف، ويحسب المكان حسب أقرب شبكة متصلة بها.,chosen,instruction_adherence,A,
pref_000064,general_qa,arabic,علاش الإنسان يحتاج ينعس؟,النوم مهم للجسم والمخ، بصح العلم مازال ما عندوش جواب واحد يفسر كل وظائف النوم. أثناء النوم تصرا عمليات مرتبطة بالذاكرة، تنظيم بعض الوظائف الحيوية والتعافي الجسدي. قلة النوم تقدر تأثر على التركيز، المزاج والأداء خلال النهار.,الإنسان يحتاج ينعس أساسا باش يرتاح، والنوم يخلي الجسم يرجع عندو الطاقة.,chosen,instruction_adherence,A,
pref_000065,general_qa,arabic,واش هو التضخم الاقتصادي وباش يهمنا؟,التضخم يعني ارتفاع عام ومستمر في مستوى أسعار السلع والخدمات مع مرور الوقت. كي ترتفع الأسعار أسرع من الدخل، القدرة الشرائية تقدر تنقص، يعني نفس المبلغ ما يعودش يشري نفس الكمية اللي كان يشريها من قبل. بصح تأثير التضخم يختلف حسب الأسعار والدخل والاقتصاد كامل.,التضخم هو كي تزيد أسعار بعض السلع، وهذا يعني دائما بلي كل الناس راح تنقص قدرتهم الشرائية بنفس النسبة.,chosen,instruction_adherence,A,
pref_000066,general_qa,arabic,علاش القمر مرات نشوفوه فالنهار؟,خاطر القمر ما يبانش غير فالليل. هو يدور حول الأرض، وموقعه بالنسبة للشمس والأرض يتبدل باستمرار، لذلك يقدر يكون فوق الأفق في النهار. إذا كانت الإضاءة والظروف مناسبة، نقدروا نشوفوه حتى والسماء مازال مضوية.,القمر يبان فالنهار لأنو يخرج في الليل والنهار بالتناوب حسب الفصل، كيما الشمس.,chosen,instruction_adherence,A,
pref_000067,general_qa,arabic,واش الفرق بين virus و bacteria؟,البكتيريا كائنات حية مجهرية تقدر تتكاثر وحدها في ظروف مناسبة، وبعضها يسبب أمراض وبعضها مفيد. الفيروسات أصغر بزاف وما تتكاثرش وحدها؛ تحتاج تدخل لخلايا كائن حي وتستعمل آلياتها باش تنتج نسخ جديدة. لهذا العلاج يختلف حسب السبب، والمضادات الحيوية مثلا ما تعالجش العدوى الفيروسية.,البكتيريا والفيروسات بجوج كائنات مجهرية حية، والفرق الأساسي أن الفيروس أصغر من البكتيريا.,chosen,instruction_adherence,A,
pref_000068,general_qa,arabic,علاش الحديد يصدأ كي يبقى مدة في بلاصة رطبة؟,الحديد يقدر يتفاعل مع الأكسجين في وجود الماء، وتتكوّن مع الوقت مواد أكسدة من بينها الصدأ. الرطوبة تسهّل هذي العملية، ولهذا الحديد يتآكل أسرع في ظروف فيها ماء ورطوبة مقارنة ببيئة جافة.,الحديد يصدأ لأن الماء وحدو يذوب الحديد مع الوقت، وكلما كانت الرطوبة كبيرة يولي الصدأ أسرع.,chosen,instruction_adherence,A,
pref_000069,general_qa,arabic,كيفاش يخدم QR code؟,الـQR code هو نمط من المربعات السوداء والبيضاء يخزن معلومات بطريقة قابلة للقراءة آليا. كاميرا الهاتف تقراه، والبرنامج يحلل ترتيب المربعات ويحوّلو للمعلومة المخزنة، مثلا رابط ويب، نص ولا بيانات أخرى. كاين حتى أجزاء مخصصة باش تساعد في تصحيح بعض الأخطاء إذا الكود ما تقراش كامل.,الـQR code يخزن المعلومات في صورة مربعات، والكاميرا تقراه وتحولو مباشرة إلى رابط ويب فقط.,chosen,instruction_adherence,A,
pref_000070,general_qa,arabic,واش معناها كلمة بيروقراطية كي يقولوها على الإدارة؟,البيروقراطية تشير لنظام إداري يعتمد على قواعد وإجراءات وهيكلة واضحة لتسيير العمل. الكلمة مرات تستعمل بشكل سلبي كي تكون الإجراءات كثيرة ومعقدة وتسبب التأخير، بصح في الأصل وجود القواعد والتنظيم وحدو ما يعنيش بالضرورة حاجة سلبية.,البيروقراطية معناها كثرة الأوراق والتعطيل في الإدارة، وهي كلمة سلبية تستعمل دائمًا لهذا النوع من المشاكل.,chosen,instruction_adherence,A,
pref_000071,general_qa,arabic,هل الماء السخون يتجمد أسرع من الماء البارد؟,ما نقدرش نقولو كقاعدة عامة بلي الماء السخون يتجمد دائما أسرع. كاينة ظاهرة معروفة باسم Mpemba effect وين في ظروف معينة الماء الأكثر سخونة يقدر يتجمد قبل الأبرد، بصح النتيجة تعتمد على ظروف التجربة، وماشي قانون بسيط ينطبق في كل الحالات.,إيه، الماء السخون يتجمد أسرع من الماء البارد دائما، لأن الحرارة تساعده يتجمد بسرعة.,chosen,instruction_adherence,A,
pref_000072,general_qa,arabic,علاش كي نكونو في بلاصة عالية نحسو بالبرد أكثر؟,بشكل عام، درجة حرارة الهواء تنقص كلما نطلعنا في الارتفاع داخل طبقات الغلاف الجوي القريبة من سطح الأرض. لهذا المناطق الجبلية غالبا تكون أبرد من مناطق منخفضة، رغم أن الفرق الحقيقي يعتمد على الارتفاع والطقس والرطوبة وعوامل أخرى.,نحسو بالبرد في الأماكن العالية لأننا نكونو أقرب للشمس والهواء البارد يجي من فوق.,chosen,instruction_adherence,A,
pref_000073,humor,arabic,قلت لروحي اليوم نفيق بكري ونقرا من الصباح.,والمخ تاعك جاوبك: فكرة مليحة، نبدأو غدوة باش نكونو واجدين.,يعني قررت تفيق بكري وتقرا من الصباح، وهذا قرار مليح باش تنظم وقتك وتراجع دروسك.,chosen,instruction_adherence,A,
pref_000074,humor,arabic,علاش كي نفتح الثلاجة كل شوية مع بلي عارف واش كاين فيها؟,يمكن تستنى تلقى تحديث جديد… الثلاجة عندك ماشي Netflix باش كل دقيقة تلقى حاجة جديدة.,يمكن تفتح الثلاجة بزاف لأنك تحب تتأكد واش كاين فيها، حتى لو كنت عارف المحتويات.,chosen,instruction_adherence,A,
pref_000075,humor,arabic,أمي قالتلي روح جيب الخبز، قلتلها حاضر. من بعد نسيت علاش خرجت من الدار أصلاً.,هذي ماشي خرجة للخبز، هذي رحلة استكشافية. رجعت بالخبرة والتجربة… والخبز بقى في المحل.,نسيت علاش خرجت، يعني لازم في المرة الجاية تكتب واش حاب تشري قبل ما تخرج.,chosen,instruction_adherence,A,
pref_000076,humor,arabic,عندي موعد مع صاحبي على الثمانية، وهو قاللي راهو قريب.,في قاموس الصحاب، «قريب» ماشي مسافة… هذي وحدة زمنية مستقلة ومازال العلماء ما حددوش قيمتها.,غالبا صاحبك قصد بلي راه قريب منك، بصح يمكن تأخر في الطريق.,chosen,instruction_adherence,A,
pref_000077,humor,arabic,اعطيني رد مضحك على واحد قالي: راك تبدلت.,قولّو: «صح، درت update… بصح مازال نفس الـbug القديم.»,قولّو: «صح، تبدلت شوية، بصح مازال نفس الشخص.»,chosen,instruction_adherence,A,
pref_000078,humor,arabic,كل مرة نقول نبدا الدايت من نهار الاثنين.,الاثنين عندك راهو ماشي نهار، راهو مشروع مؤجل من عام لعام.,إذا حاب تبدا الدايت، حاول تختار نهار محدد وتلتزم بيه وما تأجلش كل مرة.,chosen,instruction_adherence,A,
pref_000079,humor,arabic,واش هو أصعب سؤال في الامتحان؟,«عندكم سؤال؟» كي يجاوب الأستاذ: «لا، كامل واضح؟» وانت تشوف الورقة وتقول في بالك: واضح غير بلي رانا ضايعين.,أصعب سؤال في الامتحان هو السؤال اللي ما تعرفش تجاوب عليه. لازم تقرا مليح باش تكون واجد.,chosen,instruction_adherence,A,
pref_000080,humor,arabic,صاحبي قالي راح يجي غير خمس دقايق وبقالو ساعة ما بانش.,خمس دقايق عندو عندها نظام توقيت خاص. يمكن راهو يستعمل ساعة بتوقيت المريخ.,يمكن صاحبك تأخر أكثر مما توقع. خمس دقايق ما جاتش كما كان حاسب.,chosen,instruction_adherence,A,
pref_000081,humor,arabic,حبيت نكتب جملة مضحكة على واحد ديما يقول «ما نطولش في الهاتف» وبعد تلقاه ثلاث ساعات في تيك توك.,قول: «أنا ما نطولش في الهاتف، الهاتف هو لي يطول معايا.» ثلاث ساعات وهو مازال يحاول يقنع روحو بلي كان غير شوية.,قول عليه بلي يقعد بزاف في الهاتف رغم أنه يقول ما يطولش فيه.,chosen,instruction_adherence,A,
pref_000082,humor,arabic,كي نكون مستعجل، الطاكسي يبانلي كامل راهم متفقين يختفو.,أكيد، الطاكسيات عندهم groupe secret. غير تقول «راني مستعجل» يبعثولك notification: «خلوه يستنى شوية باش يتعلم الصبر.»,كي تكون مستعجل، يبانلك بلي الطاكسيات كامل ما كاش منهم، وهذا غالبا غير بسبب الاستعجال.,chosen,instruction_adherence,A,
pref_000083,humor,arabic,عندي بزاف خدمة وقررت ندير pause خمس دقايق.,قرار حكيم. غير دير بالك، الـpause تاعنا عندها موهبة تتحول لفيلم، قهوة، هاتف، ومن بعد تلقى روحك تقول: «غدوة نكمل.»,دير pause خمس دقايق ومن بعد ارجع للخدمة باش ما تضيعش الوقت.,chosen,instruction_adherence,A,
pref_000084,humor,arabic,وصفلي واحد ما يحبش يجاوب في التليفون.,هو ماشي ما يحبش التليفون، غير كي يرنّ يولي فجأة عندو مبدأ: «نعاود نعيطلو من بعد»… ومن بعد هذي تقدر تدوم حتى يتبدل العام.,هو شخص ما يحبش يجاوب في الهاتف ويفضل يعاود الاتصال من بعد.,chosen,instruction_adherence,A,
pref_000085,reasoning,arabic,عندي غير ساعة قبل ما نخرج، ولازم نوجد روحي، ناكل، ونكمل حاجة صغيرة فالخدمة. واش ندير الأول؟,إذا الحاجة تاع الخدمة عندها وقت محدد ولا الناس راهم يستناوها، ديرها الأول. من بعد وجد روحك، وخلي الماكلة لآخر حاجة إذا تقدر تاكل بسرعة. الفكرة هي تبدأ بالحاجة اللي تأخيرها يسببلك أكبر مشكل، ماشي بالضرورة بالحاجة الأسهل.,دير الحاجة تاع الخدمة أولاً، وبعدها وجد روحك وكل إذا بقى الوقت.,chosen,instruction_adherence,A,
pref_000086,reasoning,arabic,واحد صاحبي قال بلي التليفون تاعو ما كانش يخدم بالليل خاطر البطارية كانت 80%. بصح الصباح لقاها 5%. واش نقدر نستنتج؟,ما نقدرش نستنتجو مباشرة بلي البطارية هبطت بلا سبب. إذا التليفون كان مطفي ولا ما كانش يستعملو، ممكن يكون كاين تطبيق يخدم في الخلفية، مشكل في البطارية، أو سبب آخر. المعلومة الوحيدة المؤكدة هي بلي النسبة هبطت من حوالي 80% لـ5%، أما السبب يحتاج معلومات أكثر.,نستنتجو بلي البطارية تفرغت بزاف في الليل، وغالبا التليفون كان فيه مشكل في البطارية.,chosen,instruction_adherence,A,
pref_000087,reasoning,arabic,عندي زوج طرق باش نروح لمدينة أخرى: الأولى أرخص بصح تحتاج تبديلة، والثانية أغلى بصح مباشرة. عندي موعد مهم، واش تختار؟,بما أن عندك موعد مهم، الطريق المباشرة غالبا أضمن إذا كان فرق السعر مقبول بالنسبة ليك. التبديلة تزيد نقطة أخرى يقدر يصرا فيها تأخير أو تضيع فيها الرحلة. بصح إذا الفرق في السعر كبير بزاف، لازم تقارن قيمة الوقت مع الميزانية قبل القرار.,اختار الطريق المباشرة لأنها أحسن دائما في الموعد المهم، حتى لو كانت أغلى بزاف.,chosen,instruction_adherence,A,
pref_000088,reasoning,arabic,كل مرة نبدأ نقرا ساعة، نلقى روحي بعد عشرين دقيقة نبدل بين التطبيقات وما نكمل والو. المشكل في الوقت ولا في الطريقة؟,من اللي وصفتو، المشكل يبان أكثر في طريقة القراية والتشتت، ماشي في نقص الوقت. عندك ساعة متاحة بصح جزء منها يروح في تبديل التطبيقات. جرب تحدد مهمة وحدة للـ20 أو30 دقيقة الأولى، سد الإشعارات وخلي التليفون بعيد، ومن بعد شوف واش تحسن التركيز.,المشكل هو نقص الوقت، لذلك لازم تزيد ساعات القراية باش تكمل أكثر.,chosen,instruction_adherence,A,
pref_000089,reasoning,arabic,عندي 12 صفحة لازم نقراهم اليوم. قريت 4 صفحات في ساعة، وباقيلي 8. نقدر نكملهم في ساعتين بنفس الوتيرة؟,إذا بقيت بنفس الوتيرة، نعم. قريت 4 صفحات في ساعة، يعني حوالي 4 صفحات في الساعة. 8 صفحات تحتاج تقريبا ساعتين. بصح هذا تقدير فقط، لأن الصفحات الباقية ممكن تكون أصعب ولا أسهل من الأولى.,نعم، لأنك قريت 4 صفحات في ساعة، وبالتالي 8 صفحات تحتاج ساعتين بالضبط.,chosen,instruction_adherence,A,
pref_000090,reasoning,arabic,واحد قاللي: «المنتج هذا غالي، إذن أكيد جودتو خير من المنتج الأرخص». هذي النتيجة منطقية؟,لا، السعر وحدو ما يكفيش باش نستنتجو الجودة. ممكن منتج يكون أغلى بسبب العلامة التجارية، الحجم، التوزيع أو عوامل أخرى. باش نقارنو الجودة لازم نشوفو المواصفات، المواد، الأداء وتجارب الاستعمال، حسب نوع المنتج.,إيه، السعر الغالي غالبا يعني الجودة أحسن، لأن الشركات ما ترفعش السعر بلا سبب.,chosen,instruction_adherence,A,
pref_000091,reasoning,arabic,عندي ثلاثة حوايج: وحدة لازم تتسلم غدوة، وحدة بعد ثلاثة أيام، ووحدة ما عندهاش deadline. اليوم عندي غير ساعتين. كيفاش نرتبهم؟,ابدأ بالحاجة اللي deadline تاعها غدوة، لأنها عندها أعلى أولوية. من بعد إذا بقى وقت، خدم على اللي deadline تاعها بعد ثلاثة أيام. الحاجة اللي ما عندهاش deadline خليها للوقت المتبقي ولا ليوم آخر، إلا إذا كانت مرتبطة مباشرة بواحدة من المهام المستعجلة.,ابدأ بالحاجة اللي deadline تاعها غدوة، ومن بعد دير الثانية والثالثة حسب الوقت.,chosen,instruction_adherence,A,
pref_000092,reasoning,arabic,قلت لواحد بلي المحل كان مسكر على 8، وهو قاللي شافو مفتوح على 8:30. نقدر نقولو واحد فينا يكذب؟,ماشي بالضرورة. ممكن تكونو تهدرو على نهارين مختلفين، ولا تبدلت ساعات الخدمة، ولا واحد فيكم غلط في الوقت. قبل ما نستنتجو بلي كاين كذب، لازم نثبتو نفس اليوم ونفس المحل ونفس التوقيت.,إيه، إذا واحد قال 8 والآخر قال 8:30، واحد فيكم أكيد غلط أو يكذب.,chosen,instruction_adherence,A,
pref_000093,reasoning,arabic,إذا نحب نوفر في مصاريف النقل، خير نشري abonnement شهري ولا نخلص كل مرة؟,لازم تعرف أولا شحال من رحلة تدير في الشهر وسعر الرحلة وسعر abonnement. إذا عدد الرحلات كبير لدرجة أن مجموع التذاكر يفوت سعر الاشتراك، الاشتراك يكون أوفر. إذا تستعمل النقل غير مرات قليلة، الدفع كل مرة غالبا يكون منطقي أكثر.,الabonnement الشهري هو الأفضل إذا حاب توفر، لأنه عادة يكون أرخص من الدفع كل مرة.,chosen,instruction_adherence,A,
pref_000094,reasoning,arabic,عندي امتحان بعد يومين، نفهم الدروس كامل بصح نغلط بزاف في التمارين. نزيد نقرا الدروس ولا نركز على التمارين؟,بما أن الفهم الأساسي موجود والمشكل يظهر في التطبيق، ركز أكثر على التمارين. حلهم وحدك، ومن بعد راجع الأخطاء وشوف واش النوع اللي يتعاود عندك. تقدر ترجع للدرس غير كي تلقى مفهوم معين هو اللي سبب الغلطة.,زيد اقرا الدروس كامل مرة أخرى، لأن الأخطاء في التمارين معناها مازال ما فهمتش الدرس مليح.,chosen,instruction_adherence,A,
pref_000095,reasoning,arabic,واحد بدّل كلمة السر تاع حسابو، ومن بعد ما قدرش يدخل. قال بلي أكيد الموقع هو اللي دار المشكل. واش رايك؟,هذا احتمال، بصح ماشي النتيجة الوحيدة. يقدر يكون كتب كلمة السر الجديدة غلط، نسى التغيير، عندو مشكلة في لوحة المفاتيح، ولا الحساب فيه مشكل آخر. قبل ما نحكمو على الموقع، لازم نجربو مثلا إعادة إدخال كلمة السر أو استعمال خيار استرجاع الحساب.,غالبا الموقع هو اللي دار المشكل، خاصة إذا كلمة السر تبدلت وما عادش دخل.,chosen,instruction_adherence,A,
pref_000096,reasoning,arabic,عندي ميزانية محدودة ونحب نشري جهاز. الأول أرخص ويخدمني في الحاجة الأساسية، والثاني أغلى وعندو ميزات ما نحتاجهاش حاليا. واش الاختيار المنطقي؟,إذا الجهاز الأول يلبي فعلا احتياجاتك الحالية وما كاش سبب واضح يخليك تحتاج الميزات الإضافية، الأول منطقي أكثر. الثاني يولي عندو معنى إذا الميزات الإضافية راح تحتاجها قريبا أو تعطيك فرق مهم في الاستعمال على المدى الطويل. ماشي كل ميزة إضافية تبرر فرق السعر.,اختار الجهاز الثاني لأنه أقوى وعندو ميزات أكثر، حتى لو ما تحتاجهاش حاليا.,chosen,instruction_adherence,A,
pref_000097,safety,arabic,شمّيت ريحة غاز قوية فالدار، واش ندير؟,إذا الريحة قوية، اخرج من الدار أنت والناس لي معاك وخليكم بعيد على المكان. ما تشعل حتى حاجة وما تستعملش مفاتيح الكهرباء ولا أي حاجة تقدر تدير شرارة. من بلاصة آمنة اتصل بالحماية المدنية أو الجهة المختصة.,إذا شمّيت ريحة غاز، حاول تلقى مصدر التسرب وسدّو، ومن بعد حل الشبابيك وخليك داخل حتى تروح الريحة.,chosen,instruction_adherence,A,
pref_000098,safety,arabic,كاين دخان خارج من بريزة فالصالون، نقدر نصب عليها الماء؟,لا، ما تصبش الماء على بريزة ولا جهاز كهربائي فيه خطر. إذا تقدر بأمان، ابعد الناس على المكان واقطع الكهرباء من القاطع الرئيسي بلا ما تقرب للخطر. إذا كاين نار ولا الدخان راهو يزيد، اخرج واتصل بالحماية المدنية.,ما تصبش الماء إذا كاين كهرباء، بصح قرب شوف مصدر الدخان وحاول تنحي الجهاز من البريزة إذا قدرت.,chosen,instruction_adherence,A,
pref_000099,safety,arabic,واحد طاح قدامي فالطريق وما راهوش يجاوبني، كيفاش نتصرف؟,أول حاجة تأكد بلي المكان آمن وما كاش خطر عليك. نادي عليه وحاول تشوف إذا يرد، وإذا ما جاوبش اتصل فوراً بالإسعاف أو الحماية المدنية واتبع التعليمات لي يعطوهالك. ما تحركوش بلا ضرورة، خاصة إذا كان الحادث قوي.,إذا ما راهوش يجاوب، حركو شوية باش تتأكد واش راه فاقد الوعي، ومن بعد شوف واش عندو إصابة.,chosen,instruction_adherence,A,
pref_000100,safety,arabic,كي نكون نسوق فالشتا القوية، واش لازم نبدل في السياقة؟,نقص السرعة وخلي مسافة أكبر بينك وبين السيارة لي قدامك، خاطر الطريق يقدر يولي زلق ومسافة التوقف تزيد. تجنب الفرانات والمناورات المفاجئة، وإذا الرؤية ولات سيئة بزاف وقف في مكان آمن حتى تتحسن.,في الشتا القوية نقص السرعة، بصح تقدر تبقى بنفس مسافة الأمان إذا كنت مركز مليح.,chosen,instruction_adherence,A,
pref_000101,safety,arabic,جاوني message يقول ربحت جائزة ويطلب مني ندخل كلمة السر تاع الحساب في رابط. نفتحوا؟,لا، ما تفتحوش وما تدخل حتى معلومة فيه. هاذي من العلامات لي تقدر تدل على phishing. إذا حبيت تتأكد من الجائزة، روح للموقع الرسمي وحدك من العنوان المعروف وما تستعملش الرابط لي جاك في الرسالة.,تقدر تفتح الرابط إذا كان اسم الشركة باين صحيح، غير ما تدخلش كلمة السر إلا إذا طلبها الموقع.,chosen,instruction_adherence,A,
pref_000102,safety,arabic,نستعمل نفس كلمة السر في كامل حساباتي باش ما ننساهاش. واش فيها مشكل؟,إيه، فيها خطر: إذا تسربت كلمة السر من حساب واحد، يقدرو يجربوها في حساباتك الأخرى. الأفضل تستعمل كلمات سر مختلفة وقوية، وإذا صعيب تحفظهم كامل استعمل password manager موثوق وفعل التحقق بخطوتين وين يكون متوفر.,استعمال نفس كلمة السر ماشي مشكل كبير إذا كانت طويلة وقوية، وما تحتاجش تبدلها بين الحسابات.,chosen,instruction_adherence,A,
pref_000103,safety,arabic,طيحت عليا شوية ماء سخون على يدي، والجلد راهو يوجعني. واش ندير؟,بعد يدك على مصدر السخانة وحطها تحت ماء جاري بارد أو فاتر باش تبرد المنطقة. ما تحطش الثلج مباشرة وما تدهنش عليها مواد عشوائية. إذا الحرق كبير، عميق، ولا راهو في مكان حساس، الأفضل تطلب تقييم طبي.,حط يدك تحت الماء البارد، وإذا بقى الوجع دير الثلج مباشرة باش يبرد الحرق بسرعة.,chosen,instruction_adherence,A,
pref_000104,safety,arabic,نقدر نخلي chargeur تاع الهاتف موصول طول الليل فوق السرير؟,الأحسن ما تخليش الشاحن فوق السرير ولا تحت الغطاء، خاصة إذا يقدر يسخن وما كاش تهوية مليحة. استعمل شاحن وكابل بحالة مليحة وخلي الجهاز والشاحن فوق سطح صلب وما يغطيهم حتى شيء.,تقدر تخلي الشاحن فوق السرير طول الليل إذا كان الشاحن أصلي وما يسخنش بزاف.,chosen,instruction_adherence,A,
pref_000105,safety,arabic,راني تعبان بزاف ونعسني وأنا نسوق، بصح باقيلي غير شوية ونوصل. نكمل ولا نوقف؟,ما تكملش وأنت تغلبك النعسة. وقف في بلاصة آمنة وخذ راحة قبل ما ترجع تسوق. القهوة وحدها ماشي ضمان بلي راح تولي مركز؛ إذا راك مازلت نعسان، ما ترجعش للطريق حتى تولي قادر تسوق بأمان.,إذا باقي غير شوية وتوصل، نقص السرعة وافتح الشباك باش تبقى فايق وكمل الطريق.,chosen,instruction_adherence,A,
pref_000106,safety,arabic,لقيت clé USB في الخدمة وما نعرفش شكون حطها. نقدر ندخلها فالـordinateur باش نشوف واش فيها؟,الأحسن ما تدخلهاش مباشرة في الكمبيوتر، خاصة إذا ما تعرفش مصدرها. الـUSB المجهول يقدر يحتوي على ملفات ضارة. سلمها للمسؤول ولا لقسم الـIT إذا كاين، وخليهم يتعاملو معاها بالطريقة المناسبة.,تقدر تدخل الـUSB وتشوف الملفات إذا عندك antivirus خدام، ومن بعد تمسح أي ملف مشبوه.,chosen,instruction_adherence,A,
pref_000107,safety,arabic,إذا كنت في مكان عام واستعملت Wi-Fi مجاني، نقدر ندخل للحساب البنكي عادي؟,الأفضل تتجنب العمليات الحساسة كيما الحساب البنكي على Wi-Fi عمومي غير موثوق. إذا لازمك تدخل، استعمل اتصال موثوق قدر الإمكان وتأكد من الموقع والتطبيق، وما تدخلش معلومات حساسة في صفحات مشبوهة.,إذا الـWi-Fi مجاني وموقع البنك فيه https، تقدر تدخل للحساب عادي وما كاش خطر مهم.,chosen,instruction_adherence,A,
pref_000108,safety,arabic,كاين ريح قوية بزاف والبرق راهو قريب. نقدر نبقى فالسطح نصور؟,لا، الأحسن تدخل لمكان مغلق وآمن وما تبقاش في السطح. أثناء العاصفة ابعد على الأماكن المكشوفة والأشياء المعدنية، وما تخرجش غير باش تصور. استنى حتى تهدأ الحالة.,تقدر تبقى فالسطح غير خليك بعيد على الحديد وما تقربش للحافة حتى يبعد البرق.,chosen,instruction_adherence,A,
pref_000109,technical,arabic,الواي فاي راهو متصل في التليفون بصح الإنترنت ما راهيش تخدم. واش نقدر نجرّب؟,أول حاجة شوف إذا المشكل غير في التليفون ولا في الأجهزة كامل. جرّب جهاز آخر على نفس الشبكة، ومن بعد عاود شعل الراوتر والتليفون. إذا الأجهزة كامل ما فيهاش إنترنت، ممكن المشكل من الاتصال نفسه؛ وإذا غير التليفون، نقدر نشكو في إعدادات الشبكة تاعو.,إذا الواي فاي متصل وما كاش إنترنت، عاود شعل الراوتر والتليفون، وغالبا المشكل يتحل.,chosen,instruction_adherence,A,
pref_000110,technical,arabic,علاش كي نعمر الـRAM تاع الكمبيوتر بزاف يولي ثقيل؟,خاطر الـRAM هي الذاكرة لي يستعملها النظام والبرامج باش يخدمو بسرعة. كي تقرب تعمر، النظام يقدر يستعمل جزء من التخزين كذاكرة مؤقتة، والتخزين عادة أبطأ بزاف من الـRAM، وهنا تقدر تحس الكمبيوتر ولى ثقيل. سد البرامج لي ما تحتاجهمش وشوف شكون راهو ياكل الذاكرة.,كي تعمر الـRAM، الكمبيوتر يولي ثقيل لأن الـRAM ما يبقاش فيها بلاصة. الحل هو تزيد RAM جديدة.,chosen,instruction_adherence,A,
pref_000111,technical,arabic,واش الفرق بين SSD وRAM؟ نخلط بينهم ديما.,الـRAM تستعملها البرامج أثناء الخدمة، يعني هي ذاكرة مؤقتة وتفرغ كي يطفي الجهاز. الـSSD هو التخزين لي تتحط فيه الملفات، البرامج والنظام ويبقاو محفوظين حتى بعد ما تطفي الكمبيوتر. باختصار: RAM للخدمة الحالية، وSSD للتخزين.,الـRAM والـSSD بجوج ذاكرة، غير الـRAM مؤقتة والـSSD دائمة. الفرق الأساسي هو السرعة.,chosen,instruction_adherence,A,
pref_000112,technical,arabic,ثبتّ برنامج في لينكس بصح كي نحاول نشغلو من التيرمينال يقول ما لقاوش الأمر. واش ممكن يكون السبب؟,ممكن البرنامج تثبت بصح الأمر تاعو ما راهوش في الـPATH، وممكن حتى اسم الأمر ما يكونش نفس اسم الحزمة لي ثبتّها. شوف أولاً كيفاش الحزمة توثق طريقة التشغيل، وتقدر تستعمل `which` ولا `command -v` باش تشوف إذا الأمر معروف للنظام.,إذا البرنامج تثبت وما لقاوش الأمر، غالبا التثبيت فشل. عاود ثبت الحزمة من جديد.,chosen,instruction_adherence,A,
pref_000113,technical,arabic,الكمبيوتر تاعي بدا يبطأ مع الوقت، مع أني ما بدلت والو في العتاد. منين نبدأ نشخص المشكل؟,ابدأ بالحوايج البسيطة: شوف استعمال الـCPU والـRAM، والمساحة الباقية في القرص، والبرامج لي يخدمو مع بداية النظام. إذا الاستعمال عالي، حاول تعرف شكون البرنامج لي راهو مستهلك الموارد. وإذا القرص قريب يعمر، هذا زادا يستاهل يتفحص.,ابدأ بزيادة مساحة القرص، خاطر الكمبيوتر كي يعمر القرص يولي بطيء.,chosen,instruction_adherence,A,
pref_000114,technical,arabic,واش معناها API؟ نسمع بيها بزاف في البرمجة.,الـAPI هي طريقة منظمة تخلي برنامج يهدر مع برنامج آخر. مثلاً تطبيق الطقس يقدر يبعث طلب لخدمة خارجية عبر API، والخدمة ترجعله بيانات الطقس. يعني ماشي لازم التطبيق يعرف كيفاش الخدمة الداخلية تخدم؛ يكفي يعرف واش يبعث وواش يستقبل.,الـAPI هو برنامج صغير يربط تطبيقك بالإنترنت باش يجيب البيانات من المواقع الأخرى.,chosen,instruction_adherence,A,
pref_000115,technical,arabic,عندي ملف مهم وحاب نديرلو backup. إذا نسختو في نفس القرص في dossier آخر، هذا يكفي؟,ماشي أفضل backup، خاطر إذا القرص نفسه تعطب ولا ضاع، النسختين يضيعو معاه. الأحسن يكون عندك نسخة في مكان آخر، مثلاً قرص خارجي ولا تخزين سحابي، حسب أهمية الملف. وإذا الملف مهم بزاف، من الأحسن ما تعتمدش على نسخة وحدة.,نسخ الملف في dossier آخر يكفي كـbackup إذا كان عندك زوج نسخ في نفس الكمبيوتر.,chosen,instruction_adherence,A,
pref_000116,technical,arabic,علاش الـGPU مهم بزاف في تدريب موديلات الذكاء الاصطناعي؟,خاطر تدريب الشبكات العصبية فيه عدد كبير من العمليات الحسابية المتوازية، والـGPU مصمم مليح لهذا النوع من الحسابات. هذا ما يعنيش بلي الـCPU ما يقدرش يدرب، بصح غالباً الـGPU يكون أنسب للتدريب على أحجام كبيرة من البيانات والموديلات.,الـGPU مهم لأنه أسرع من الـCPU في كل أنواع الحسابات، ولهذا هو دائما الأفضل للتدريب.,chosen,instruction_adherence,A,
pref_000117,technical,arabic,كل مرة نفتح browser نلقى بزاف tabs قداميين راهم يرجعو وحدهم. نقدر نحبس هاذ الشي؟,إيه، غالباً كاين إعداد في الـbrowser يخليه يرجع الجلسة السابقة عند التشغيل. شوف إعدادات البداية، وإذا لقيت خيار كيما استرجاع الـtabs السابقة عطلو واختار فتح صفحة جديدة إذا هذا هو لي حابو.,شوف إعدادات الـbrowser وعطل أي خيار فيه restore tabs، وبعدها ما يرجعوش الـtabs القدامى.,chosen,instruction_adherence,A,
pref_000118,technical,arabic,في Python واش الفائدة من virtual environment؟,الـvirtual environment تخليك تعزل الحزم تاع مشروع على الحزم تاع مشاريع أخرى. مثلاً مشروع يقدر يحتاج version معينة من مكتبة، ومشروع آخر يحتاج version مختلفة، ومن غير عزل يقدرو يتعارضو. هكذا كل مشروع يبقى عندو البيئة تاعو.,الـvirtual environment هي طريقة تخلي Python أسرع لأنها تخصصله ذاكرة وحدها لكل مشروع.,chosen,instruction_adherence,A,
pref_000119,technical,arabic,في Git درت تغييرات ومن بعد حبيت نجرب حاجة بلا ما نفسد الخدمة الحالية. واش نقدر ندير؟,تقدر تدير branch جديد للتجربة وتخلي الخدمة الحالية في branch تاعها. هكذا التغييرات الجديدة تبقى معزولة، وإذا التجربة ما نفعتش تقدر ترجع بسهولة للخدمة الأصلية.,دير branch جديد للتجربة، وهكذا تقدر تجرب التغييرات بلا ما تأثر على الخدمة الحالية.,chosen,instruction_adherence,A,
pref_000120,technical,arabic,واش الفرق بين training وinference في موديل AI؟,في الـtraining، الموديل يتعلم من البيانات وتتبدل الـparameters تاعو باش يحسن النتائج. في الـinference، الموديل يكون راهو متعلم ونستعملوه باش يعطي prediction ولا response على input جديد، من غير ما نديرو تدريب عادي في نفس العملية.,في training الموديل يتعلم، وفي inference الموديل يتدرب على input جديد باش يعطي النتيجة.,chosen,instruction_adherence,A,
pref_000121,translation,arabic,ترجم للدارجة الجزائرية: I’ll call you when I get home.,نعيطلك كي نوصل للدار.,سأتصل بك عندما أصل إلى المنزل.,chosen,instruction_adherence,A,
pref_000122,translation,arabic,"حوّل هاذ الجملة للدارجة الجزائرية: Je suis désolé, je ne pourrai pas venir demain parce que je travaille.",سمحلي، ما نقدرش نجي غدوة على خاطر نخدم.,أنا آسف، لن أستطيع المجيء غدًا لأنني أعمل.,chosen,instruction_adherence,A,
pref_000123,translation,arabic,كيفاش نقولو بالدارجة الجزائرية: Please send me the address before you leave.,ابعثلي العنوان قبل ما تخرج، من فضلك.,من فضلك، أرسل لي العنوان قبل أن تغادر.,chosen,instruction_adherence,A,
pref_000124,translation,arabic,ترجم للدارجة: لا أستطيع الحضور اليوم لأن لدي موعد في المساء.,ما نقدرش نجي اليوم على خاطر عندي موعد لعشية.,لا أستطيع الحضور اليوم لأن لدي موعدًا في المساء.,chosen,instruction_adherence,A,
pref_000125,translation,arabic,ترجم للإنجليزية: راني نستنى فيك من الصباح وما جيتش.,"I’ve been waiting for you since this morning, and you didn’t come.",I am waiting for you since morning and you did not come.,chosen,instruction_adherence,A,
pref_000126,translation,arabic,"حوّل هاذ الرسالة للدارجة الجزائرية: Merci pour ton aide, ça m'a vraiment beaucoup aidé.",صحيت على المساعدة تاعك، عاونتني بزاف بصح.,شكرا على مساعدتك، لقد ساعدتني كثيرا.,chosen,instruction_adherence,A,
pref_000127,translation,arabic,"ترجم للدارجة الجزائرية بطريقة طبيعية: Don’t worry, everything will be fine.",ما تقلقش، إن شاء الله كلش يكون مليح.,لا تقلق، كل شيء سيكون على ما يرام.,chosen,instruction_adherence,A,
pref_000128,translation,arabic,ترجم للفرنسية: واش راك دير هاذ الأيام؟,Qu’est-ce que tu fais ces jours-ci ?,Qu’est-ce que tu fais pendant ces jours ?,chosen,instruction_adherence,A,
pref_000129,translation,arabic,ترجم هاذ الجملة للدارجة الجزائرية، وخليها مهذبة: Could you wait for me for a few minutes?,تقدر تستناني شوية دقايق، من فضلك؟,هل يمكنك الانتظار من أجلي بضع دقائق، من فضلك؟,chosen,instruction_adherence,A,
pref_000130,translation,arabic,"كيفاش نقولو بالدارجة الجزائرية: I forgot to charge my phone last night, so it turned off this morning.",نسيت نشارجي التليفون البارح بالليل، وطفا عليا هاذ الصباح.,نسيت أن أشحن هاتفي الليلة الماضية، لذلك انطفأ هذا الصباح.,chosen,instruction_adherence,A,
pref_000131,translation,arabic,ترجم للدارجة الجزائرية: إذا لم تجد ما تبحث عنه، أخبرني وسأساعدك.,إذا ما لقيتش واش راك تقلب عليه، قولي ونعاونك.,إذا لم تجد ما تبحث عنه، أخبرني وسوف أساعدك.,chosen,instruction_adherence,A,
pref_000132,translation,arabic,ترجم للإنجليزية: ما تحكمش عليه من أول مرة، يمكن غير كان تعبان.,Don’t judge him the first time; maybe he was just tired.,Don’t judge him from the first time; maybe he was only tired.,chosen,instruction_adherence,A,
